-- phpMyAdmin SQL Dump
-- version 5.0.2
-- https://www.phpmyadmin.net/
--
-- Host: 127.0.0.1
-- Tempo de geração: 04-Set-2020 às 02:37
-- Versão do servidor: 10.4.13-MariaDB
-- versão do PHP: 7.4.8

SET SQL_MODE = "NO_AUTO_VALUE_ON_ZERO";
START TRANSACTION;
SET time_zone = "+00:00";


/*!40101 SET @OLD_CHARACTER_SET_CLIENT=@@CHARACTER_SET_CLIENT */;
/*!40101 SET @OLD_CHARACTER_SET_RESULTS=@@CHARACTER_SET_RESULTS */;
/*!40101 SET @OLD_COLLATION_CONNECTION=@@COLLATION_CONNECTION */;
/*!40101 SET NAMES utf8mb4 */;

--
-- Banco de dados: `agenda_perini`
--

-- --------------------------------------------------------

--
-- Estrutura da tabela `agendar`
--

CREATE TABLE `agendar` (
  `id` bigint(20) UNSIGNED NOT NULL,
  `data` date NOT NULL,
  `volume_carga` int(11) DEFAULT NULL,
  `fornecedor` varchar(191) COLLATE utf8_unicode_ci NOT NULL,
  `valor_nota` double(15,3) DEFAULT NULL,
  `status` bigint(20) UNSIGNED DEFAULT NULL,
  `observacao` varchar(255) COLLATE utf8_unicode_ci DEFAULT NULL,
  `created_at` timestamp NULL DEFAULT NULL,
  `updated_at` timestamp NULL DEFAULT NULL,
  `id_users` bigint(20) UNSIGNED NOT NULL,
  `id_loja` bigint(20) UNSIGNED NOT NULL,
  `id_area` bigint(20) UNSIGNED NOT NULL
) ENGINE=InnoDB DEFAULT CHARSET=utf8 COLLATE=utf8_unicode_ci;

--
-- Extraindo dados da tabela `agendar`
--

INSERT INTO `agendar` (`id`, `data`, `volume_carga`, `fornecedor`, `valor_nota`, `status`, `observacao`, `created_at`, `updated_at`, `id_users`, `id_loja`, `id_area`) VALUES
(42, '2020-06-04', 60, 'PARANGOLE', 0.000, 1, NULL, '2020-06-04 10:45:57', '2020-06-04 13:46:18', 10, 15, 1),
(44, '2020-06-04', 65, 'RALSTON', 0.000, 1, NULL, '2020-06-04 10:49:57', '2020-06-04 13:46:29', 10, 15, 1),
(45, '2020-06-04', 46, 'STUTTGART', 893237.000, 2, 'NÃO COMPARECEU', '2020-06-04 10:51:05', '2020-06-04 16:46:13', 10, 15, 1),
(46, '2020-06-08', 22, 'HUE', 320302.000, 2, 'NÃO COMPARECEU', '2020-06-04 10:52:23', '2020-06-09 10:53:55', 10, 15, 1),
(47, '2020-06-04', 63, 'BACARDI MARTINI', 3443865.000, 1, NULL, '2020-06-04 10:53:11', '2020-06-04 13:46:42', 10, 15, 1),
(48, '2020-06-04', 130, 'RIO SOL', 775489.000, 1, NULL, '2020-06-04 10:53:58', '2020-06-04 13:46:48', 10, 15, 1),
(49, '2020-06-08', 63, 'Hero brasil', 905280.000, 1, NULL, '2020-06-04 13:09:40', '2020-06-09 10:48:26', 10, 15, 1),
(50, '2020-06-05', 34, 'RR ETIQUETAS', 702250.000, 1, NULL, '2020-06-04 13:16:50', '2020-06-08 14:17:45', 10, 15, 1),
(51, '2020-06-05', 500, 'HNK', 0.000, 2, NULL, '2020-06-04 13:17:23', '2020-06-06 13:46:56', 10, 15, 1),
(52, '2020-06-05', 130, 'VINHEDOS', 782220.000, 1, NULL, '2020-06-04 13:20:13', '2020-06-06 13:45:40', 10, 15, 1),
(53, '2020-06-05', 50, 'SEQUILHATO', 0.000, 1, NULL, '2020-06-04 13:21:02', '2020-06-08 14:18:56', 10, 15, 1),
(54, '2020-06-05', 200, 'PIRACANJUBA', 0.000, 1, NULL, '2020-06-04 13:21:43', '2020-06-08 14:22:06', 10, 15, 1),
(55, '2020-06-05', 600, 'VALFILM', 3214595.000, 1, NULL, '2020-06-04 13:24:42', '2020-06-08 14:22:27', 10, 15, 1),
(56, '2020-06-05', 100, 'J MACEDO', 552704.000, 1, NULL, '2020-06-04 13:25:43', '2020-06-06 13:47:45', 10, 15, 1),
(57, '2020-06-05', 314, 'MODELEZ', 0.000, 1, NULL, '2020-06-04 13:26:17', '2020-06-08 14:23:29', 10, 15, 1),
(58, '2020-06-04', 92, 'MELLITA', 0.000, 1, NULL, '2020-06-04 13:27:02', '2020-06-04 16:47:27', 10, 15, 1),
(59, '2020-06-08', 500, 'PLANETA NATURAL', 6526350.000, 1, NULL, '2020-06-04 13:36:46', '2020-06-09 10:48:49', 10, 15, 1),
(60, '2020-06-08', 32, 'MSE IMPORTACAO', 270600.000, 1, NULL, '2020-06-04 13:43:20', '2020-06-09 10:49:13', 10, 15, 1),
(61, '2020-06-09', 2000, 'ETILUX', 0.000, 1, NULL, '2020-06-04 13:45:04', '2020-06-09 18:23:38', 10, 15, 1),
(62, '2020-06-09', 124, 'NATIVE / Usina São Francisco', 0.000, 1, NULL, '2020-06-04 13:45:44', '2020-06-09 18:23:58', 10, 15, 1),
(63, '2020-06-04', 800, 'Adega Alentejana', 0.000, 1, NULL, '2020-06-04 13:48:00', '2020-06-04 16:46:48', 10, 15, 1),
(64, '2020-06-08', 60, 'BANANINHAS PARAIBUNA', 153360.000, 1, NULL, '2020-06-04 13:53:37', '2020-06-09 10:49:54', 10, 15, 1),
(66, '2020-06-08', 64, 'AURORA', 2162824.000, 1, NULL, '2020-06-04 16:43:19', '2020-06-09 10:50:17', 10, 15, 1),
(67, '2020-06-03', 31, 'MOET HENNESSY', 1923668.000, 3, NULL, '2020-06-04 16:48:56', '2020-06-04 16:48:56', 10, 15, 1),
(68, '2020-06-03', 10, 'LA PALOMITAS', 77010.000, 3, NULL, '2020-06-04 16:49:27', '2020-06-04 16:50:48', 10, 15, 1),
(69, '2020-06-03', 28, 'ARAUJO MATHEUS', 0.000, 3, NULL, '2020-06-04 16:49:54', '2020-06-04 16:49:54', 10, 15, 1),
(70, '2020-06-03', 51, 'LERGUME ALIMENTOS', 371692.000, 3, NULL, '2020-06-04 16:51:34', '2020-06-04 16:51:34', 10, 15, 1),
(71, '2020-06-03', 1200, 'INDAIA', 0.000, 3, NULL, '2020-06-04 16:52:07', '2020-06-04 16:52:07', 10, 15, 1),
(72, '2020-06-03', 60, 'COMERCIAL COUTRIM', 0.000, 3, NULL, '2020-06-04 16:52:38', '2020-06-04 16:52:38', 10, 15, 1),
(73, '2020-06-03', 40, 'LUTAN', 0.000, 3, NULL, '2020-06-04 16:53:00', '2020-06-04 16:53:00', 10, 15, 1),
(74, '2020-06-03', 378, 'NESTLE', 0.000, 3, NULL, '2020-06-04 16:53:39', '2020-06-04 16:53:39', 10, 15, 1),
(77, '2020-06-02', 15, 'ITAMBE', 0.000, 3, NULL, '2020-06-04 17:01:31', '2020-06-04 17:01:31', 10, 15, 1),
(78, '2020-06-02', 51, 'LERGUME ALIMENTOS', 371692.000, 3, NULL, '2020-06-04 17:02:25', '2020-06-04 17:02:25', 10, 15, 1),
(79, '2020-06-02', 500, 'HNK', 0.000, 3, NULL, '2020-06-04 17:02:57', '2020-06-04 17:02:57', 10, 15, 1),
(80, '2020-06-02', 30, 'MENEZES & RANGEL', 261963.000, 3, NULL, '2020-06-04 17:03:34', '2020-06-04 17:03:34', 10, 15, 1),
(81, '2020-06-02', 16, 'GSK', 0.000, 3, NULL, '2020-06-04 17:04:02', '2020-06-04 17:04:02', 10, 15, 1),
(82, '2020-06-02', 6, 'CROC ACRIDOCE', 146742.000, 3, NULL, '2020-06-04 17:04:42', '2020-06-04 17:04:42', 10, 15, 1),
(83, '2020-06-02', 68, 'TIA SONIA', 0.000, 3, NULL, '2020-06-04 17:05:06', '2020-06-04 17:05:06', 10, 15, 1),
(84, '2020-06-10', 210, 'MELHORAMENTOS', 998865.000, 3, NULL, '2020-06-04 17:06:58', '2020-06-04 17:06:58', 10, 15, 1),
(85, '2020-06-10', 200, 'GALVANOTEK', 0.000, 3, NULL, '2020-06-04 17:07:23', '2020-06-04 17:07:23', 10, 15, 1),
(86, '2020-06-12', 107, 'MASTERFOODS', 0.000, 3, NULL, '2020-06-04 17:07:59', '2020-06-04 17:08:42', 10, 15, 1),
(87, '2020-06-15', 46, 'RED BULL', 0.000, 2, 'nota fiscal com cnpj sem cadastro', '2020-06-04 17:09:36', '2020-06-16 19:06:50', 10, 15, 1),
(88, '2020-06-15', 100, 'JAIRO FLORES', 0.000, 1, NULL, '2020-06-04 17:10:01', '2020-06-16 19:07:15', 10, 15, 1),
(89, '2020-06-15', 90, 'HIG TOP', 0.000, 1, NULL, '2020-06-04 17:10:27', '2020-06-16 19:07:39', 10, 15, 1),
(90, '2020-06-16', 65, 'VCT BRASIL', 3468044.000, 1, NULL, '2020-06-04 17:11:07', '2020-06-16 19:10:35', 10, 15, 1),
(92, '2020-06-08', 85, 'PANDURATA', 463729.000, 1, NULL, '2020-06-04 18:07:49', '2020-06-09 10:50:33', 10, 15, 1),
(93, '2020-06-08', 0, 'barbosa e marques', NULL, 1, NULL, '2020-06-05 10:32:27', '2020-06-08 11:40:19', 10, 15, 1),
(94, '2020-06-05', 0, 'catupiry', NULL, 1, NULL, '2020-06-05 10:41:51', '2020-06-05 14:58:38', 10, 15, 1),
(95, '2020-06-05', 0, 'brafruit', NULL, 1, NULL, '2020-06-05 10:42:09', '2020-06-05 13:53:59', 10, 15, 1),
(96, '2020-06-05', 0, 'fundação jose carvalho', NULL, 1, NULL, '2020-06-05 10:42:29', '2020-06-05 14:58:56', 10, 15, 1),
(97, '2020-06-05', 0, 'saudali', NULL, 1, NULL, '2020-06-05 10:42:45', '2020-06-05 14:59:04', 10, 15, 1),
(98, '2020-06-05', 0, 'damm', NULL, 1, NULL, '2020-06-05 10:42:57', '2020-06-05 16:48:00', 10, 15, 1),
(99, '2020-06-05', 0, 'hoshi dor', NULL, 1, NULL, '2020-06-05 10:43:17', '2020-06-05 16:48:08', 10, 15, 1),
(100, '2020-06-05', 0, 'jbs', NULL, 1, NULL, '2020-06-05 10:43:34', '2020-06-05 13:54:11', 10, 15, 1),
(101, '2020-06-12', 0, 'da vaca (P&L)', NULL, 1, 'Devolução de 3kg de parmesão da produção', '2020-06-05 13:53:14', '2020-06-12 17:50:17', 10, 15, 1),
(102, '2020-06-05', 0, 'BRF', NULL, 2, 'Não Veio', '2020-06-05 18:15:57', '2020-06-05 18:16:35', 10, 15, 1),
(103, '2020-06-08', 400, 'AMBEV', 0.000, 1, NULL, '2020-06-06 12:25:50', '2020-06-09 10:50:56', 10, 15, 1),
(104, '2020-06-12', 200, 'HNK', 0.000, 1, NULL, '2020-06-06 12:26:17', '2020-06-12 14:50:43', 10, 15, 1),
(105, '2020-06-08', 24, 'FUNDAÇÃO ARTHUR', 311040.000, 1, NULL, '2020-06-06 12:30:02', '2020-06-09 10:51:13', 10, 15, 1),
(106, '2020-06-09', 17, 'MEL ABELINHA', 385800.000, 1, NULL, '2020-06-06 12:32:34', '2020-06-09 18:24:20', 10, 15, 1),
(107, '2020-06-17', 27, 'DIAGEO', 0.000, 1, NULL, '2020-06-06 12:40:22', '2020-06-22 13:31:29', 10, 15, 1),
(108, '2020-06-09', 50, 'MAGRELA', 214350.000, 1, NULL, '2020-06-06 12:45:47', '2020-06-09 18:24:43', 10, 15, 1),
(109, '2020-06-10', 50, 'NASCIMENTO E FILHO', 320302.000, 3, NULL, '2020-06-06 12:53:26', '2020-06-06 12:53:26', 10, 15, 1),
(110, '2020-06-10', 97, 'casa suiça', 270984.000, 3, NULL, '2020-06-06 12:58:02', '2020-06-30 17:50:26', 10, 15, 1),
(111, '2020-06-10', 10000, '1000marcas', 19900.000, 3, NULL, '2020-06-06 12:59:09', '2020-06-06 12:59:09', 10, 15, 1),
(112, '2020-06-08', 0, 'Brf', 0.000, 1, NULL, '2020-06-08 10:10:27', '2020-06-08 11:51:39', 10, 15, 1),
(114, '2020-06-09', 184, 'federicci', 638740.000, 1, NULL, '2020-06-08 13:16:00', '2020-06-09 17:31:49', 10, 15, 1),
(115, '2020-06-10', 0, 'Boni', NULL, 2, 'Não veio', '2020-06-08 13:21:01', '2020-06-10 17:49:12', 10, 15, 1),
(116, '2020-06-09', 0, 'mundo doce', NULL, 1, NULL, '2020-06-08 14:06:23', '2020-06-09 14:35:19', 10, 15, 1),
(117, '2020-06-09', 97900, 'trevo lácteos', NULL, 1, NULL, '2020-06-08 14:23:51', '2020-06-09 13:11:27', 10, 15, 1),
(118, '2020-06-09', 0, 'Bora', NULL, 2, 'Não Veio', '2020-06-08 14:24:48', '2020-06-09 17:34:14', 10, 15, 1),
(119, '2020-06-12', 0, 'Boni', NULL, 2, 'Solicitou novamente o agendamento', '2020-06-08 15:32:22', '2020-06-12 17:54:40', 10, 15, 1),
(120, '2020-06-12', 0, 'saudale', 0.000, 1, NULL, '2020-06-08 15:43:34', '2020-06-12 17:48:53', 10, 15, 1),
(121, '2020-06-10', 1631, 'danone', 726792.000, 1, NULL, '2020-06-08 16:52:46', '2020-06-10 12:52:54', 10, 15, 1),
(122, '2020-06-12', 100, 'MACROPAC', 0.000, 3, NULL, '2020-06-08 16:58:29', '2020-06-08 16:58:29', 10, 15, 1),
(123, '2020-06-10', 29, 'PONTELAND', 631895.000, 3, NULL, '2020-06-08 17:06:20', '2020-06-08 17:06:20', 10, 15, 1),
(124, '2020-06-09', 0, 'CANÃA', NULL, 1, NULL, '2020-06-08 17:48:12', '2020-06-09 14:22:20', 10, 15, 1),
(125, '2020-06-09', 7, 'dubar', 0.000, 1, NULL, '2020-06-08 18:20:12', '2020-06-09 18:25:06', 10, 15, 1),
(126, '2020-06-12', 0, 'Buritis', NULL, 1, NULL, '2020-06-08 18:31:36', '2020-06-12 17:49:03', 10, 15, 1),
(127, '2020-06-10', 32, 'vigor', 207494.000, 1, 'devolução do produto 107729 com a data próximo ao vencimento', '2020-06-08 18:32:53', '2020-06-10 12:53:37', 10, 15, 1),
(128, '2020-06-10', 0, 'Seara', NULL, 1, NULL, '2020-06-09 10:15:11', '2020-06-10 17:49:37', 10, 15, 1),
(129, '2020-06-09', 300, 'COCA COLA', 0.000, 2, NULL, '2020-06-09 10:43:10', '2020-06-09 18:25:26', 10, 15, 1),
(130, '2020-06-12', 0, 'fermentão (WCN)', 1889.400, 1, 'Devolução da nota pois produtos estava sem a temperatura adequada para recebimento', '2020-06-09 10:54:04', '2020-06-12 17:51:40', 10, 15, 1),
(131, '2020-06-10', 0, 'Brf', NULL, 2, 'Não veio', '2020-06-09 11:05:14', '2020-06-10 17:49:00', 10, 15, 1),
(132, '2020-06-10', 0, 'DPA nestlé', NULL, 3, NULL, '2020-06-09 12:54:33', '2020-06-09 12:54:33', 10, 15, 1),
(133, '2020-06-18', 0, 'P & L (davaca)', NULL, 1, NULL, '2020-06-09 14:45:35', '2020-06-18 13:25:37', 10, 15, 1),
(134, '2020-06-15', 382, 'HEMMER', 4147256.000, 1, NULL, '2020-06-09 16:23:08', '2020-06-16 19:08:05', 10, 15, 1),
(135, '2020-06-10', 63, 'BEAM SUNTONY', 3840135.000, 3, NULL, '2020-06-09 16:27:51', '2020-06-09 16:27:51', 10, 15, 1),
(136, '2020-06-15', 120, 'VITÃO', 611643.000, 1, NULL, '2020-06-09 16:29:50', '2020-06-16 19:08:23', 10, 15, 1),
(137, '2020-06-10', 200, 'COCA COLA', 0.000, 3, NULL, '2020-06-09 16:35:26', '2020-06-09 16:35:26', 10, 15, 1),
(138, '2020-06-12', 47, 'AMIDOS SÃO JOÃO', 195700.000, 3, NULL, '2020-06-09 16:36:33', '2020-06-09 16:36:33', 10, 15, 1),
(139, '2020-06-12', 150, 'LICOR SÃO FELIX', 0.000, 1, NULL, '2020-06-09 16:37:29', '2020-06-12 18:50:01', 10, 15, 1),
(140, '2020-06-09', 0, 'Aguá de coco', NULL, 1, NULL, '2020-06-09 16:39:28', '2020-06-09 17:50:38', 10, 15, 1),
(141, '2020-06-16', 227, 'BOMBAY/LAFRA', 2124877.000, 1, NULL, '2020-06-09 16:42:29', '2020-06-16 19:11:22', 10, 15, 1),
(142, '2020-06-10', 7, 'latitude 13', 0.000, 3, NULL, '2020-06-09 16:50:28', '2020-06-09 16:50:28', 10, 15, 1),
(143, '2020-06-16', 158, 'YOKI', 902605.000, 1, NULL, '2020-06-09 16:55:50', '2020-06-16 19:11:44', 10, 15, 1),
(144, '2020-06-12', 150, 'JOSAPAR', 0.000, 1, NULL, '2020-06-09 17:17:56', '2020-06-12 18:50:09', 10, 15, 1),
(145, '2020-06-10', 3, 'FARMA', 0.000, 3, NULL, '2020-06-09 18:12:29', '2020-06-09 18:12:29', 10, 15, 1),
(146, '2020-06-15', 0, 'Itacolomy', NULL, 1, NULL, '2020-06-10 12:30:18', '2020-06-15 12:26:45', 10, 15, 1),
(147, '2020-06-12', 0, 'Jbs', NULL, 1, NULL, '2020-06-10 13:02:44', '2020-06-12 17:49:11', 10, 15, 1),
(148, '2020-06-15', 1, 'Yakult', NULL, 1, NULL, '2020-06-10 13:17:35', '2020-06-15 17:48:28', 10, 15, 1),
(149, '2020-06-15', 0, 'Seara', NULL, 2, 'Não veio', '2020-06-10 13:21:18', '2020-06-15 17:48:40', 10, 15, 1),
(150, '2020-06-12', 0, 'Frigmonteiro frimonte', NULL, 1, NULL, '2020-06-10 13:25:15', '2020-06-12 17:49:17', 10, 15, 1),
(151, '2020-06-16', 1, 'CHOCOLATE FINO', 416000.000, 1, NULL, '2020-06-10 16:38:32', '2020-06-16 19:12:13', 10, 15, 1),
(152, '2020-06-16', 116, 'JACOBS', 0.000, 1, NULL, '2020-06-10 16:42:41', '2020-06-16 19:12:42', 10, 15, 1),
(153, '2020-06-15', 5, 'LATINEX', 0.000, 1, NULL, '2020-06-10 16:48:06', '2020-06-16 19:08:56', 10, 15, 1),
(154, '2020-06-16', 50, 'LETICIA CONCEIÇÃO', 0.000, 1, NULL, '2020-06-10 16:52:02', '2020-06-16 19:13:05', 10, 15, 1),
(155, '2020-06-12', 8, 'DOCE SANTA FÉ', 0.000, 3, NULL, '2020-06-10 16:54:10', '2020-06-10 16:54:10', 10, 15, 1),
(156, '2020-06-29', 80, 'AUTOPEL', 0.000, 3, NULL, '2020-06-10 16:58:25', '2020-06-10 16:58:25', 10, 15, 1),
(157, '2020-06-16', 94, 'PLANETA NATURAL', 0.000, 1, NULL, '2020-06-10 17:00:24', '2020-06-16 19:13:24', 10, 15, 1),
(158, '2020-06-17', 37, 'FUGINI', 0.000, 1, NULL, '2020-06-10 17:02:46', '2020-06-22 13:31:51', 10, 15, 1),
(159, '2020-06-17', 185, 'BOMBRIL', 0.000, 1, NULL, '2020-06-10 17:23:15', '2020-06-22 13:33:19', 10, 15, 1),
(160, '2020-06-15', 3, 'MAGIA DA BAHIA', 0.000, 1, NULL, '2020-06-10 17:26:02', '2020-06-16 19:09:27', 10, 15, 1),
(161, '2020-06-15', 0, 'Valença(produção)', NULL, 1, NULL, '2020-06-10 18:16:22', '2020-06-15 17:48:48', 10, 15, 1),
(163, '2020-06-15', 0, 'brf', NULL, 1, NULL, '2020-06-12 10:15:45', '2020-06-15 12:27:06', 10, 15, 1),
(164, '2020-06-12', 0, 'brf', NULL, 1, 'Devolução da nota da loja , pois estava sem pedido no sistema e numero do pedido não constava na nota', '2020-06-12 10:16:21', '2020-06-12 17:53:20', 10, 15, 1),
(165, '2020-06-15', 0, 'Disalli (boni)', NULL, 2, 'Fornecedor veio mais não esperou a descargar, pois ouvi demoro do pessoal da loja para subir e pode avaliar a qualidade do produto, sendo que o conferente sinalizou para o prevenção que chama-se alguém para verifica a qualidade do produto.', '2020-06-12 10:19:55', '2020-06-15 17:58:39', 10, 15, 1),
(166, '2020-06-13', 0, 'laticinio natal', NULL, 1, NULL, '2020-06-12 10:23:47', '2020-06-13 12:14:56', 10, 15, 1),
(168, '2020-06-19', 3000, 'Etilux', 110486.250, 3, NULL, '2020-06-12 13:16:34', '2020-06-22 13:43:13', 10, 15, 1),
(169, '2020-06-15', 150, 'Ambev', NULL, 1, NULL, '2020-06-12 13:21:38', '2020-06-16 19:10:13', 10, 15, 1),
(170, '2020-06-16', 150, 'Coca Cola', NULL, 2, 'NÃO COMPARECEU', '2020-06-12 13:26:30', '2020-06-16 19:13:58', 10, 15, 1),
(171, '2020-06-17', 31, 'LUTAN - RECKIT COLGATE', NULL, 1, NULL, '2020-06-12 13:28:23', '2020-06-22 13:35:16', 10, 15, 1),
(172, '2020-06-18', 1146, 'Neslte', 138313.200, 1, NULL, '2020-06-12 13:41:46', '2020-06-22 13:38:42', 10, 15, 1),
(173, '2020-06-16', 0, 'Magazzino litoral norte', NULL, 1, NULL, '2020-06-12 13:44:22', '2020-06-16 18:39:30', 10, 15, 1),
(174, '2020-06-16', 0, 'bora', NULL, 1, NULL, '2020-06-12 13:47:55', '2020-06-16 18:39:36', 10, 15, 1),
(175, '2020-06-16', 28, 'Forno de minas', 314585.000, 1, NULL, '2020-06-12 13:48:47', '2020-06-16 18:39:43', 10, 15, 1),
(176, '2020-06-17', 53, 'Hikage', 4809.800, 1, NULL, '2020-06-12 13:49:33', '2020-06-22 13:35:55', 10, 15, 1),
(177, '2020-06-17', 1, 'DR. SCHAR', 5303.880, 1, NULL, '2020-06-12 14:37:06', '2020-06-22 13:36:20', 10, 15, 1),
(178, '2020-06-15', 1, 'Europack', NULL, 1, NULL, '2020-06-12 17:08:44', '2020-06-16 19:22:05', 10, 15, 1),
(179, '2020-06-17', 100, 'Colorgraf', NULL, 3, NULL, '2020-06-12 17:12:32', '2020-06-12 17:12:32', 10, 15, 1),
(180, '2020-06-18', 190, 'Tecmar- Melhoramentos', NULL, 1, NULL, '2020-06-12 17:25:52', '2020-06-22 13:41:30', 10, 15, 1),
(181, '2020-06-18', 64, 'Eirele', 7792.080, 3, NULL, '2020-06-12 17:51:52', '2020-06-12 17:51:52', 10, 15, 1),
(182, '2020-06-12', 0, 'beiju goma', NULL, 1, NULL, '2020-06-12 18:03:51', '2020-06-12 18:04:09', 10, 15, 1),
(183, '2020-06-16', 0, 'exceler', NULL, 2, 'Fornecedor veio mais a nota estava faturada com o CNPJ errado', '2020-06-13 10:09:29', '2020-06-16 18:40:27', 10, 15, 1),
(184, '2020-06-17', 0, 'damm( texeira)', NULL, 1, NULL, '2020-06-15 12:23:07', '2020-06-17 12:26:35', 10, 15, 1),
(185, '2020-06-17', 0, 'trevo', NULL, 2, 'Veio,porém o comprador sinalizou que o pedido referente a nota que chegou ja tinha sido usado e mandou devolver', '2020-06-15 14:47:07', '2020-06-17 17:18:31', 10, 15, 1),
(186, '2020-06-16', 0, 'Brasfrut (refeitório)', NULL, 1, NULL, '2020-06-15 16:22:09', '2020-06-16 18:41:08', 10, 15, 1),
(187, '2020-06-16', 47, 'LEITE SOL', 0.000, 2, 'nota fiscal com cnpj errado', '2020-06-15 16:22:47', '2020-06-16 19:14:53', 10, 15, 1),
(188, '2020-06-17', 55, 'FUMANCESE', 0.000, 1, NULL, '2020-06-15 16:32:34', '2020-06-22 13:37:05', 10, 15, 1),
(189, '2020-06-29', 64, 'APLOS INDUSTRIA', 0.000, 3, NULL, '2020-06-15 16:44:52', '2020-06-15 16:44:52', 10, 15, 1),
(190, '2020-06-17', 84, 'YAMMA LIGHTSWEET', 0.000, 1, NULL, '2020-06-15 16:54:25', '2020-06-22 13:37:33', 10, 15, 1),
(191, '2020-07-02', 128, 'PLANETA CACAU', 0.000, 1, NULL, '2020-06-15 16:57:53', '2020-07-03 13:55:36', 10, 15, 1),
(192, '2020-06-17', 1, 'TERREIRO BAHIA', 0.000, 1, NULL, '2020-06-15 17:03:16', '2020-06-22 13:37:58', 10, 15, 1),
(193, '2020-06-19', 250, 'HNK', 0.000, 2, NULL, '2020-06-15 17:05:34', '2020-06-22 13:43:50', 10, 15, 1),
(194, '2020-06-16', 0, 'D.E ENVASE', NULL, 1, NULL, '2020-06-15 18:01:26', '2020-06-16 18:40:37', 10, 15, 1),
(195, '2020-06-16', 64, 'AURORA', 0.000, 2, 'NÃO COMPARECEU', '2020-06-15 19:08:01', '2020-06-16 19:15:35', 10, 15, 1),
(196, '2020-06-17', 0, 'hoshi dor(produção)', NULL, 1, NULL, '2020-06-16 10:08:32', '2020-06-17 17:18:40', 10, 15, 1),
(197, '2020-06-17', 0, 'frederici', NULL, 1, NULL, '2020-06-16 10:10:13', '2020-06-17 17:18:48', 10, 15, 1),
(199, '2020-06-17', 0, 'kibon', NULL, 1, NULL, '2020-06-16 10:46:23', '2020-06-17 14:04:46', 10, 15, 1),
(200, '2020-06-29', 136, 'Macropac', 14094.000, 3, NULL, '2020-06-16 11:00:59', '2020-06-16 11:00:59', 10, 15, 1),
(201, '2020-06-19', 64, 'Mitto Brasil', 7792.080, 2, NULL, '2020-06-16 11:12:39', '2020-06-22 13:40:30', 10, 15, 1),
(202, '2020-06-29', 8, 'Etilux', 20044.500, 3, NULL, '2020-06-16 11:21:38', '2020-06-16 11:21:38', 10, 15, 1),
(203, '2020-06-17', 0, 'brf', NULL, 2, 'Não veio', '2020-06-16 13:03:46', '2020-06-17 17:19:12', 10, 15, 1),
(204, '2020-06-18', 0, 'bora', NULL, 1, NULL, '2020-06-16 13:03:57', '2020-06-22 13:42:06', 10, 15, 1),
(205, '2020-06-18', 0, 'fundação jose carvalho', NULL, 1, NULL, '2020-06-16 13:06:18', '2020-06-18 19:53:12', 10, 15, 1),
(206, '2020-06-18', 0, 'Nestle (dpa)', NULL, 1, NULL, '2020-06-16 13:45:10', '2020-06-18 13:25:54', 10, 15, 1),
(207, '2020-06-18', 0, 'danone', NULL, 1, NULL, '2020-06-16 16:14:00', '2020-06-18 19:53:29', 10, 15, 1),
(208, '2020-06-18', 0, 'Vigor', NULL, 2, 'Não veio', '2020-06-16 18:37:28', '2020-06-18 19:53:44', 10, 15, 1),
(209, '2020-06-16', 0, 'master milk JL', NULL, 1, NULL, '2020-06-16 18:44:26', '2020-06-16 18:45:51', 10, 15, 1),
(211, '2020-06-22', 0, 'tredici', NULL, 1, NULL, '2020-06-17 10:23:34', '2020-06-22 14:19:06', 10, 15, 1),
(212, '2020-06-22', 0, 'barbosa & marquez', NULL, 1, NULL, '2020-06-17 10:47:28', '2020-06-22 14:18:42', 10, 15, 1),
(213, '2020-06-19', 0, 'seara', NULL, 2, 'carga devolvida produtos sem condições para venda (PRÓXIMO AO VENCIMENTO )', '2020-06-17 11:11:34', '2020-06-19 13:19:53', 10, 15, 1),
(214, '2020-06-18', 0, 'Zeina Calhub', NULL, 1, NULL, '2020-06-17 11:49:09', '2020-06-18 19:53:56', 10, 15, 1),
(215, '2020-06-18', 1, 'NEIME ANGELICA', 0.000, 1, NULL, '2020-06-17 12:49:31', '2020-06-22 13:39:18', 10, 15, 1),
(216, '2020-06-29', 50, 'KP COMERCIO', 0.000, 3, NULL, '2020-06-17 12:54:01', '2020-06-17 12:54:01', 10, 15, 1),
(217, '2020-06-29', 25, 'Coml Tamehikop Iwamoto', 0.000, 3, NULL, '2020-06-17 13:04:18', '2020-06-17 13:04:18', 10, 15, 1),
(218, '2020-06-18', 0, 'JBS', NULL, 1, NULL, '2020-06-17 13:34:37', '2020-06-18 13:26:03', 10, 15, 1),
(219, '2020-06-18', 0, 'Boni', NULL, 1, NULL, '2020-06-17 13:49:16', '2020-06-18 13:26:25', 10, 15, 1),
(220, '2020-06-30', 19, 'D MAN', 0.000, 3, NULL, '2020-06-17 15:33:57', '2020-06-17 15:33:57', 10, 15, 1),
(221, '2020-06-30', 50, 'BOMBAY', 0.000, 3, NULL, '2020-06-17 15:36:17', '2020-06-17 15:36:17', 10, 15, 1),
(222, '2020-06-30', 152, 'SOST', 0.000, 3, NULL, '2020-06-17 15:38:19', '2020-06-17 15:38:19', 10, 15, 1),
(223, '2020-06-29', 62, 'SOCOCO', 0.000, 3, NULL, '2020-06-17 15:40:31', '2020-06-17 15:40:31', 10, 15, 1),
(224, '2020-06-19', 0, 'Brasfrut', NULL, 1, NULL, '2020-06-17 15:45:12', '2020-06-19 12:44:59', 10, 15, 1),
(225, '2020-06-29', 30, 'ITAMBE', 0.000, 3, NULL, '2020-06-17 15:51:47', '2020-06-17 15:51:47', 10, 15, 1),
(226, '2020-06-18', 62, 'MISTRAL', 0.000, 1, NULL, '2020-06-17 15:57:33', '2020-06-22 13:39:47', 10, 15, 1),
(227, '2020-06-30', 12, 'BRAVO CAFÉ', NULL, 3, NULL, '2020-06-17 16:00:16', '2020-06-17 16:00:16', 10, 15, 1),
(228, '2020-06-18', 51, 'LERGUME ALIMENTOS', 0.000, 1, NULL, '2020-06-17 16:04:41', '2020-06-22 13:40:59', 10, 15, 1),
(229, '2020-06-19', 0, 'Araujo Matheus', NULL, 1, NULL, '2020-06-17 16:16:02', '2020-06-19 14:05:35', 10, 15, 1),
(230, '2020-06-18', 0, 'AGUA DE COCO', NULL, 1, NULL, '2020-06-17 16:19:56', '2020-06-18 13:26:14', 10, 15, 1),
(231, '2020-06-19', 252, 'Dengo', 133968.000, 1, NULL, '2020-06-17 16:56:04', '2020-06-19 13:38:25', 10, 15, 1),
(232, '2020-06-19', 0, 'pescamar', NULL, 1, NULL, '2020-06-17 17:15:51', '2020-06-19 12:45:09', 10, 15, 1),
(233, '2020-06-17', 0, 'dengo(produção)', NULL, 1, NULL, '2020-06-17 17:20:43', '2020-06-17 17:20:56', 10, 15, 1),
(234, '2020-06-17', 0, 'fermentão(produção)', NULL, 1, NULL, '2020-06-17 17:21:23', '2020-06-17 17:21:38', 10, 15, 1),
(235, '2020-06-19', 1, 'QJ finos (produção)', NULL, 1, NULL, '2020-06-18 12:01:37', '2020-06-19 18:33:08', 10, 15, 1),
(236, '2020-06-19', 0, 'laticinio natal', NULL, 1, NULL, '2020-06-18 12:47:28', '2020-06-19 12:45:16', 10, 15, 1),
(237, '2020-06-22', 0, 'yakult', NULL, 1, NULL, '2020-06-18 12:53:38', '2020-06-22 18:20:33', 10, 15, 1),
(238, '2020-06-19', 0, 'Raquel(pamonha)', NULL, 1, NULL, '2020-06-18 13:04:16', '2020-06-19 15:02:31', 10, 15, 1),
(239, '2020-06-22', 0, 'calimp (bora)', NULL, 1, NULL, '2020-06-18 14:26:40', '2020-06-22 14:18:36', 10, 15, 1),
(240, '2020-06-22', 0, 'hacienda (bora)', NULL, 1, NULL, '2020-06-18 14:27:47', '2020-06-22 16:18:28', 10, 15, 1),
(241, '2020-06-19', 4506, 'INDAIA', 12347.550, 3, NULL, '2020-06-18 15:03:16', '2020-06-18 15:03:16', 10, 15, 1),
(242, '2020-06-22', 208, 'M dias (Piraquê)', 21785.490, 1, NULL, '2020-06-18 19:13:34', '2020-06-22 13:47:02', 10, 15, 1),
(243, '2020-06-18', 0, 'MCR (produção0', NULL, 1, NULL, '2020-06-18 19:55:41', '2020-06-18 19:56:56', 10, 15, 1),
(244, '2020-06-18', 0, 'canaã(prod/refeitorio)', NULL, 1, NULL, '2020-06-18 19:56:03', '2020-06-18 19:57:03', 10, 15, 1),
(245, '2020-06-18', 0, 'magui (produção)', NULL, 1, NULL, '2020-06-18 19:56:26', '2020-06-18 19:57:11', 10, 15, 1),
(246, '2020-06-30', 139, 'DR OETKER', 0.000, 3, NULL, '2020-06-19 11:15:55', '2020-06-19 11:15:55', 10, 15, 1),
(247, '2020-06-30', 161, 'RIO SOL', 0.000, 3, NULL, '2020-06-19 11:21:13', '2020-06-19 11:21:13', 10, 15, 1),
(248, '2020-06-30', 50, 'MONAMA', 0.000, 3, NULL, '2020-06-19 11:31:05', '2020-06-19 11:31:05', 10, 15, 1),
(249, '2020-06-30', 12, 'BR SPICES', 0.000, 3, NULL, '2020-06-19 12:14:53', '2020-06-19 12:14:53', 10, 15, 1),
(250, '2020-06-30', 400, 'COCA COLA', 0.000, 3, NULL, '2020-06-19 12:20:04', '2020-06-19 12:20:04', 10, 15, 1),
(251, '2020-06-30', 46, 'STUTTGART', 0.000, 3, NULL, '2020-06-19 12:20:24', '2020-06-19 12:20:24', 10, 15, 1),
(252, '2020-06-29', 432, 'REAL COMERCIAL', NULL, 3, NULL, '2020-06-19 12:58:10', '2020-06-19 12:58:10', 10, 15, 1),
(253, '2020-06-22', 0, 'vigor', NULL, 1, NULL, '2020-06-19 14:02:14', '2020-06-22 14:18:54', 10, 15, 1),
(254, '2020-06-19', 0, 'brf', NULL, 2, 'Fornecedor veio mais não esperou a descargar', '2020-06-19 14:10:46', '2020-06-19 18:32:47', 10, 15, 1),
(255, '2020-06-22', 0, 'EXELLER', NULL, 2, 'Não veio', '2020-06-19 14:16:55', '2020-06-22 18:21:36', 10, 15, 1),
(256, '2020-06-23', 180, 'Copobras', 4214.450, 3, NULL, '2020-06-19 15:34:10', '2020-06-19 15:34:10', 10, 15, 1),
(257, '2020-06-22', 0, 'canaã(refeitorio)', NULL, 1, NULL, '2020-06-19 16:13:50', '2020-06-22 16:50:21', 10, 15, 1),
(258, '2020-06-22', 0, 'Palmeira laticínio', 495507.000, 1, NULL, '2020-06-19 16:49:25', '2020-06-22 16:18:37', 10, 15, 1),
(259, '2020-06-19', 0, 'Yoki(produção)', NULL, 1, NULL, '2020-06-19 18:34:46', '2020-06-19 18:36:14', 10, 15, 1),
(260, '2020-06-19', 0, 'canaã(produção)', NULL, 1, NULL, '2020-06-19 18:35:10', '2020-06-19 18:36:16', 10, 15, 1),
(261, '2020-06-19', 0, 'fermentão(produção)', NULL, 1, NULL, '2020-06-19 18:35:31', '2020-06-19 18:36:19', 10, 15, 1),
(263, '2020-06-22', 5, 'Ambev CRBS', NULL, 2, NULL, '2020-06-22 10:17:52', '2020-06-22 13:46:34', 10, 15, 1),
(264, '2020-07-01', 280, 'TIMBAUBA', 0.000, 3, NULL, '2020-06-22 13:48:57', '2020-06-22 13:48:57', 10, 15, 1),
(265, '2020-06-30', 2, 'SEED MIX', 0.000, 3, NULL, '2020-06-22 13:52:27', '2020-06-22 13:52:27', 10, 15, 1),
(266, '2020-07-01', 150, 'COOPATAN', 0.000, 3, NULL, '2020-06-22 13:55:25', '2020-06-22 13:55:25', 10, 15, 1),
(267, '2020-07-01', 27, 'Famiglia Zanlorenzi', 0.000, 3, NULL, '2020-06-22 14:00:22', '2020-06-22 14:00:22', 10, 15, 1),
(268, '2020-06-29', 0, 'mezzani', NULL, 1, NULL, '2020-06-22 14:11:25', '2020-06-29 17:27:39', 10, 15, 1),
(269, '2020-06-29', 0, 'brf', NULL, 2, 'Não veio', '2020-06-22 14:11:37', '2020-06-29 17:27:21', 10, 15, 1),
(270, '2020-07-01', 99, 'Hero brasil', 0.000, 3, NULL, '2020-06-22 15:24:03', '2020-06-22 15:24:03', 10, 15, 1),
(271, '2020-06-29', 1, 'PURIVERD', 0.000, 3, NULL, '2020-06-22 15:31:59', '2020-06-22 15:31:59', 10, 15, 1),
(272, '2020-07-01', 116, 'BACARDI MARTINI', 0.000, 3, NULL, '2020-06-22 16:01:20', '2020-06-22 16:01:20', 10, 15, 1),
(273, '2020-06-23', 0, 'DPA ( nestle)', NULL, 1, NULL, '2020-06-22 16:12:26', '2020-06-23 18:12:26', 10, 15, 1),
(274, '2020-07-01', 13, 'SAN DIEGO', 0.000, 3, NULL, '2020-06-22 16:23:35', '2020-06-22 16:23:35', 10, 15, 1),
(275, '2020-07-02', 180, 'CAMIL', 0.000, 1, NULL, '2020-06-22 16:53:38', '2020-07-03 13:56:10', 10, 15, 1),
(276, '2020-07-03', 25, 'CREMER', 0.000, 3, NULL, '2020-06-22 17:11:01', '2020-06-23 16:27:38', 10, 15, 1),
(277, '2020-06-23', 0, 'D.E Envase-ÁGUA DE COCO', NULL, 1, NULL, '2020-06-22 18:03:33', '2020-06-23 11:22:14', 10, 15, 1),
(278, '2020-06-22', 0, 'gelo garcia', NULL, 1, NULL, '2020-06-22 18:21:11', '2020-06-22 18:21:24', 10, 15, 1),
(279, '2020-06-22', 0, 'MCR (produção)', NULL, 1, NULL, '2020-06-22 18:22:34', '2020-06-22 18:22:47', 10, 15, 1),
(280, '2020-06-29', 0, 'kibon', NULL, 3, NULL, '2020-06-23 10:14:21', '2020-06-23 10:14:21', 10, 15, 1),
(282, '2020-07-01', 82, 'KICALDO', 0.000, 3, NULL, '2020-06-23 13:42:13', '2020-06-23 13:42:13', 10, 15, 1),
(283, '2020-07-02', 247, 'INTERFFOOD', 0.000, 1, NULL, '2020-06-23 13:55:11', '2020-07-03 13:56:43', 10, 15, 1),
(284, '2020-06-29', 0, 'VIGOR', NULL, 2, 'Solicitou reagendamento', '2020-06-23 14:15:44', '2020-06-29 17:24:47', 10, 15, 1),
(285, '2020-06-30', 0, 'MASTER MILK', NULL, 1, NULL, '2020-06-23 14:20:27', '2020-06-30 19:00:45', 10, 15, 1),
(286, '2020-07-02', 1, 'CHORANDO COM CEBOLA', NULL, 1, NULL, '2020-06-23 14:30:40', '2020-07-03 13:57:51', 10, 15, 1),
(287, '2020-06-29', 0, 'fundação jose carvalho', NULL, 1, NULL, '2020-06-23 17:12:45', '2020-06-29 17:08:56', 10, 15, 1),
(288, '2020-06-29', 0, 'jbs', NULL, 1, NULL, '2020-06-23 17:15:09', '2020-06-29 14:34:37', 10, 15, 1),
(289, '2020-06-23', 0, 'magui (produção)', NULL, 1, NULL, '2020-06-23 18:13:25', '2020-06-23 18:16:04', 10, 15, 1),
(290, '2020-06-23', 0, 'M & A (produção)', NULL, 1, NULL, '2020-06-23 18:13:45', '2020-06-23 18:16:06', 10, 15, 1),
(291, '2020-06-23', 0, 'Bonanza (produção)', NULL, 1, NULL, '2020-06-23 18:14:07', '2020-06-23 18:16:08', 10, 15, 1),
(292, '2020-06-23', 0, 'J macedo(produção)', NULL, 1, NULL, '2020-06-23 18:14:24', '2020-06-23 18:16:10', 10, 15, 1),
(293, '2020-06-23', 0, 'fermentão(produção)', NULL, 1, NULL, '2020-06-23 18:14:36', '2020-06-23 18:16:12', 10, 15, 1),
(294, '2020-06-23', 0, 'Brascod (produção)', NULL, 1, NULL, '2020-06-23 18:15:30', '2020-06-23 18:16:14', 10, 15, 1),
(295, '2020-06-29', 0, 'wew', NULL, 1, NULL, '2020-06-24 10:16:14', '2020-06-29 17:09:31', 10, 15, 1),
(296, '2020-06-29', 0, 'la geri', NULL, 1, NULL, '2020-06-24 10:18:51', '2020-06-29 17:10:45', 10, 15, 1),
(297, '2020-06-24', 0, 'M & A (produção)', NULL, 1, NULL, '2020-06-24 11:15:28', '2020-06-24 11:15:52', 10, 15, 1),
(298, '2020-06-24', 0, 'dengo(produção)', NULL, 1, NULL, '2020-06-24 13:02:53', '2020-06-24 13:03:45', 10, 15, 1),
(299, '2020-06-24', 0, 'fruto coco', NULL, 1, NULL, '2020-06-24 13:03:31', '2020-06-24 13:03:46', 10, 15, 1),
(300, '2020-07-03', 494, 'AURORA/MASTERFOODS/AROMAS DA ERVAS/HEVEA FOODS', 0.000, 1, NULL, '2020-06-24 16:02:16', '2020-07-04 13:01:03', 10, 15, 1),
(301, '2020-07-01', 40, 'Barbosa & Marques', 0.000, 3, NULL, '2020-06-24 16:43:36', '2020-06-24 16:43:36', 10, 15, 1),
(302, '2020-07-02', 148, 'Leão Alimentos/Lafra Distribuidora/RB de Carga', 0.000, 1, NULL, '2020-06-24 16:51:57', '2020-07-03 13:58:18', 10, 15, 1),
(303, '2020-07-02', 39, 'LINEA', 0.000, 1, NULL, '2020-06-24 17:01:04', '2020-07-03 13:58:48', 10, 15, 1),
(304, '2020-07-03', 188, 'JDE', 0.000, 1, NULL, '2020-06-24 17:06:41', '2020-07-04 13:05:23', 10, 15, 1),
(305, '2020-07-01', 39, 'SANDELÉH', 0.000, 3, NULL, '2020-06-24 17:09:55', '2020-06-24 17:09:55', 10, 15, 1),
(306, '2020-07-01', 1, 'MELHORAMENTOS', 0.000, 3, NULL, '2020-06-24 17:12:03', '2020-06-24 17:12:45', 10, 15, 1),
(307, '2020-06-30', 0, 'EXELLER', NULL, 2, 'Não veio', '2020-06-24 17:20:44', '2020-06-30 19:31:17', 10, 15, 1),
(308, '2020-06-30', 0, 'MUNDO DOCE PRODUTOS REGIONAIS DO BRASIL LTDA', NULL, 2, 'Não veio', '2020-06-25 14:00:25', '2020-06-30 19:31:23', 10, 15, 1),
(309, '2020-07-01', 0, 'Danone', NULL, 1, NULL, '2020-06-26 16:24:17', '2020-07-01 17:45:22', 10, 15, 1),
(310, '2020-07-01', 0, 'lactalis', NULL, 1, NULL, '2020-06-26 17:16:50', '2020-07-01 13:52:09', 10, 15, 1),
(311, '2020-06-30', 0, 'bora', NULL, 1, NULL, '2020-06-27 10:06:06', '2020-06-30 19:01:19', 10, 15, 1),
(312, '2020-06-30', 0, 'forno de minas', NULL, 1, NULL, '2020-06-27 10:06:19', '2020-06-30 19:02:06', 10, 15, 1),
(313, '2020-07-02', 1, 'ECOFIBRAS', NULL, 1, NULL, '2020-06-29 13:33:53', '2020-07-03 14:01:31', 10, 15, 1),
(314, '2020-06-30', 0, 'VIGOR', NULL, 1, NULL, '2020-06-29 14:51:25', '2020-06-30 19:02:34', 10, 15, 1),
(315, '2020-07-03', 46, 'STUTTGART', 0.000, 1, NULL, '2020-06-29 16:48:38', '2020-07-04 13:01:42', 10, 15, 1),
(316, '2020-06-30', 0, 'canãa (refeitório)', NULL, 1, NULL, '2020-06-29 16:51:03', '2020-06-30 19:03:03', 10, 15, 1),
(317, '2020-07-03', 12, 'BRAVO CAFÉ', 0.000, 2, NULL, '2020-06-29 16:53:09', '2020-07-04 13:07:01', 10, 15, 1),
(319, '2020-07-01', 18, 'Massa crocante', 147780.000, 1, NULL, '2020-06-29 16:59:14', '2020-07-01 17:53:35', 10, 15, 1),
(320, '2020-07-01', 9, 'TERREIRO BAHIA', 0.000, 3, NULL, '2020-06-29 17:02:10', '2020-06-29 17:02:10', 10, 15, 1),
(321, '2020-07-03', 25, 'marktup (barquet)', 123825.000, 1, NULL, '2020-06-29 17:05:43', '2020-07-03 14:33:05', 10, 15, 1),
(322, '2020-07-02', 238, 'GDC ALIMENTOS', 0.000, 1, NULL, '2020-06-29 17:06:27', '2020-07-03 13:59:25', 10, 15, 1),
(323, '2020-07-03', 400, 'HNK', 0.000, 1, NULL, '2020-06-29 17:11:00', '2020-07-04 13:02:49', 10, 15, 1),
(326, '2020-07-01', 0, 'Hoshi dor (produção )', NULL, 1, NULL, '2020-06-29 17:27:26', '2020-07-01 17:45:50', 10, 15, 1),
(327, '2020-06-30', 99, 'D.E ENVASE', 47250.000, 1, NULL, '2020-06-29 17:32:46', '2020-06-30 19:03:31', 10, 15, 1),
(328, '2020-06-29', 0, 'esse(produção)', NULL, 1, NULL, '2020-06-29 17:34:44', '2020-06-29 17:35:32', 10, 15, 1),
(331, '2020-07-06', 97, 'MODELEZ', 0.000, 3, NULL, '2020-06-29 17:58:55', '2020-06-29 17:58:55', 10, 15, 1),
(332, '2020-07-07', 232, 'NESTLE', 0.000, 1, NULL, '2020-06-29 18:00:05', '2020-07-08 16:24:29', 10, 15, 1),
(333, '2020-07-06', 400, 'AMBEV', 0.000, 3, NULL, '2020-06-29 18:00:28', '2020-06-29 18:00:28', 10, 15, 1),
(334, '2020-07-06', 98, 'TIA SONIA', 0.000, 3, NULL, '2020-06-29 18:03:31', '2020-06-29 18:03:31', 10, 15, 1),
(335, '2020-07-03', 22, 'CASA SUIÇA/DA COLONIA', 0.000, 1, NULL, '2020-06-29 18:04:39', '2020-07-04 13:02:08', 10, 15, 1),
(336, '2020-07-06', 7, 'MR FOODS', 0.000, 3, NULL, '2020-06-30 10:40:22', '2020-06-30 10:40:22', 10, 15, 1),
(337, '2020-07-01', 92, 'EXCELÊNCIA', 0.000, 3, NULL, '2020-06-30 10:46:23', '2020-06-30 10:46:23', 10, 15, 1),
(338, '2020-07-02', 0, 'kibon', NULL, 2, 'Não veio e não solicitou reagendamento .', '2020-06-30 10:46:55', '2020-07-02 18:03:03', 10, 15, 1),
(339, '2020-06-07', 400, 'COCA COLA', 0.000, 3, NULL, '2020-06-30 10:48:40', '2020-06-30 10:48:40', 10, 15, 1),
(340, '2020-07-02', 76, 'Carballo Faro', 11497.680, 1, NULL, '2020-06-30 10:50:02', '2020-07-03 13:59:56', 10, 15, 1),
(341, '2020-07-01', 0, 'brf', NULL, 1, NULL, '2020-06-30 12:00:07', '2020-07-01 17:54:10', 10, 15, 1),
(342, '2020-07-01', 0, 'laticinio natal', NULL, 1, NULL, '2020-06-30 12:00:33', '2020-07-01 13:52:39', 10, 15, 1),
(343, '2020-07-01', 0, 'Dilase', NULL, 1, NULL, '2020-06-30 13:08:55', '2020-07-01 14:06:40', 10, 15, 1),
(344, '2020-07-01', 24, 'Brasfrut (refeitório)', 113724.000, 1, NULL, '2020-06-30 13:24:23', '2020-07-01 13:53:40', 10, 15, 1),
(345, '2020-07-06', 99, 'MELLITA', 0.000, 3, NULL, '2020-06-30 13:31:04', '2020-06-30 13:31:04', 10, 15, 1),
(346, '2020-07-07', 380, 'RIDOURO', 0.000, 1, NULL, '2020-06-30 13:39:50', '2020-07-08 16:25:35', 10, 15, 1),
(347, '2020-07-02', 0, 'fundação jose carvalho', NULL, 1, NULL, '2020-06-30 16:40:12', '2020-07-02 13:38:56', 10, 15, 1),
(348, '2020-07-08', 0, 'P & L davaca', NULL, 3, NULL, '2020-06-30 16:42:15', '2020-06-30 16:42:15', 10, 15, 1),
(349, '2020-07-09', 51, 'MASTERFOODS', 0.000, 3, NULL, '2020-06-30 17:29:26', '2020-06-30 17:29:26', 10, 15, 1),
(350, '2020-07-03', 15, 'DUCOCO', 0.000, 1, NULL, '2020-06-30 17:32:15', '2020-07-04 13:06:20', 10, 15, 1),
(351, '2020-07-06', 64, 'CANTU', 0.000, 3, NULL, '2020-06-30 17:35:02', '2020-06-30 17:35:02', 10, 15, 1),
(352, '2020-07-07', 100, 'JOSAPAR', 0.000, 1, NULL, '2020-06-30 17:37:18', '2020-07-08 16:27:18', 10, 15, 1),
(353, '2020-07-07', 71, 'Hero brasil', 0.000, 1, NULL, '2020-06-30 17:39:31', '2020-07-08 16:27:52', 10, 15, 1),
(354, '2020-07-06', 36, 'COUTRIM', 0.000, 3, NULL, '2020-06-30 17:45:43', '2020-06-30 17:45:43', 10, 15, 1),
(355, '2020-07-07', 72, 'YPE', 0.000, 2, NULL, '2020-06-30 17:58:45', '2020-07-08 16:36:21', 10, 15, 1),
(356, '2020-07-07', 50, 'SANTA HELENA', 0.000, 1, NULL, '2020-06-30 18:02:18', '2020-07-08 16:37:10', 10, 15, 1),
(357, '2020-07-07', 47, 'LEITE SOL', 0.000, 1, NULL, '2020-06-30 18:11:10', '2020-07-08 16:37:37', 10, 15, 1),
(359, '2020-07-07', 190, 'YOKI', 0.000, 1, NULL, '2020-06-30 18:42:53', '2020-07-08 16:38:06', 10, 15, 1),
(360, '2020-07-02', 0, 'Zeina Calhub', NULL, 1, NULL, '2020-06-30 18:58:12', '2020-07-02 12:46:54', 10, 15, 1),
(361, '2020-06-30', 0, 'MCR (produção)', NULL, 1, NULL, '2020-06-30 19:33:28', '2020-06-30 19:35:48', 10, 15, 1),
(362, '2020-06-30', 0, 'dengo(produção)', NULL, 1, NULL, '2020-06-30 19:33:46', '2020-06-30 19:35:50', 10, 15, 1),
(363, '2020-06-30', 0, 'Soverte silva costa', NULL, 1, NULL, '2020-06-30 19:34:18', '2020-06-30 19:35:53', 10, 15, 1),
(364, '2020-07-03', 0, 'Beiju', NULL, 1, NULL, '2020-07-01 12:49:35', '2020-07-03 14:33:13', 10, 15, 1),
(365, '2020-07-02', 100, 'Federicci (produção)', 456470.000, 1, NULL, '2020-07-01 14:14:04', '2020-07-02 14:25:03', 10, 15, 1),
(366, '2020-07-03', 0, 'VIGOR', NULL, 1, NULL, '2020-07-01 17:17:20', '2020-07-03 15:18:01', 10, 15, 1),
(367, '2020-07-02', 127, 'D.E ENVASE', 606.000, 1, NULL, '2020-07-01 17:23:25', '2020-07-02 14:25:13', 10, 15, 1),
(368, '2020-07-02', 100, 'Jbs', NULL, 1, NULL, '2020-07-01 17:27:20', '2020-07-02 18:01:28', 10, 15, 1),
(369, '2020-07-02', 0, 'valença da bahia maricultura(produção)', NULL, 1, NULL, '2020-07-01 17:43:29', '2020-07-02 13:39:16', 10, 15, 1),
(370, '2020-07-01', 0, 'FAZENDA TAPERA', NULL, 1, NULL, '2020-07-01 18:07:01', '2020-07-01 18:10:37', 10, 15, 1),
(371, '2020-07-01', 0, 'LATICÍNIO NATAL(PRODUÇÃO)', NULL, 1, NULL, '2020-07-01 18:07:45', '2020-07-01 18:11:09', 10, 15, 1),
(372, '2020-07-01', 0, 'J MACEDO (PRODUÇÃO )', NULL, 1, NULL, '2020-07-01 18:08:29', '2020-07-01 18:11:39', 10, 15, 1),
(373, '2020-07-02', 0, 'Bora', NULL, 1, NULL, '2020-07-02 11:57:29', '2020-07-02 14:24:08', 10, 15, 1),
(374, '2020-07-02', 0, 'Fruto coco (produção )', NULL, 1, NULL, '2020-07-02 11:58:04', '2020-07-02 11:59:28', 10, 15, 1),
(375, '2020-07-02', 0, 'Brf(produção)', NULL, 1, NULL, '2020-07-02 11:58:48', '2020-07-02 12:00:47', 10, 15, 1),
(376, '2020-07-03', 0, 'Brf', NULL, 1, NULL, '2020-07-02 12:08:10', '2020-07-03 14:33:24', 10, 15, 1),
(378, '2020-07-06', 38, 'Vale Fertil', 5246.280, 3, NULL, '2020-07-02 15:12:00', '2020-07-02 15:12:00', 10, 15, 1),
(379, '2020-07-15', 77, 'Native', NULL, 1, NULL, '2020-07-02 15:43:49', '2020-07-15 19:35:51', 10, 15, 1),
(380, '2020-07-06', 4, 'Goias Alimentos', 2112.300, 3, NULL, '2020-07-02 15:59:06', '2020-07-02 15:59:06', 10, 15, 1),
(381, '2020-07-06', 0, 'Disallifoods(Boni)', NULL, 2, 'Não veio e não solicitou reagendamento .', '2020-07-02 16:52:21', '2020-07-06 18:39:12', 10, 15, 1),
(382, '2020-07-03', 5, 'Banana Chips', 640.000, 1, NULL, '2020-07-02 16:54:36', '2020-07-04 13:04:21', 10, 15, 1),
(383, '2020-07-02', 21, 'MCR comercial (produção)', 34090.000, 1, NULL, '2020-07-02 16:59:54', '2020-07-02 17:05:59', 10, 15, 1),
(384, '2020-07-08', 64, 'Patrus Ponteland Distr.', 10205.410, 2, NULL, '2020-07-02 17:00:11', '2020-07-08 16:39:53', 10, 15, 1),
(385, '2020-07-03', 0, 'canaa refeitório', NULL, 1, NULL, '2020-07-02 17:01:59', '2020-07-03 17:18:08', 10, 15, 1),
(386, '2020-07-02', 235, 'Ecofibra(produção)', 149178.000, 1, NULL, '2020-07-02 17:04:37', '2020-07-02 17:06:10', 10, 15, 1),
(387, '2020-07-07', 1, 'Norsa', 1.000, 1, NULL, '2020-07-02 17:54:58', '2020-07-08 16:38:31', 10, 15, 1),
(388, '2020-07-08', 217, 'VCT', 128906.980, 3, NULL, '2020-07-02 17:59:06', '2020-07-02 17:59:06', 10, 15, 1),
(389, '2020-07-03', 1, 'MELAÇO PALMEIRA', 1.000, 1, NULL, '2020-07-02 18:47:14', '2020-07-04 13:04:48', 10, 15, 1),
(390, '2020-07-06', 0, 'Brasfrut', NULL, 1, NULL, '2020-07-03 11:32:44', '2020-07-06 12:54:02', 10, 15, 1),
(391, '2020-07-08', 35, 'Mel Casa Apis', 8133.600, 1, NULL, '2020-07-03 13:51:10', '2020-07-08 16:39:21', 10, 15, 1),
(392, '2020-07-08', 13, 'San Diego', 1528.800, 1, NULL, '2020-07-03 14:14:35', '2020-07-08 16:40:35', 10, 15, 1),
(393, '2020-07-03', 40, 'FAZENDA TAPERA(produção)', 960.000, 1, NULL, '2020-07-03 14:34:32', '2020-07-03 14:38:58', 10, 15, 1),
(394, '2020-07-03', 20, 'l2p (produção )', 68169.000, 1, NULL, '2020-07-03 14:38:39', '2020-07-03 14:39:06', 10, 15, 1),
(395, '2020-07-06', 0, 'HOSHI & DORR LTDA AV SANTOS DUMONT -', NULL, 1, NULL, '2020-07-03 14:54:32', '2020-07-06 18:36:28', 10, 15, 1),
(396, '2020-07-07', 6, 'Recreio', NULL, 3, NULL, '2020-07-03 14:58:56', '2020-07-03 14:58:56', 10, 15, 1),
(397, '2020-07-03', 120, 'Dengo (Produção )', 288.000, 1, NULL, '2020-07-03 16:34:42', '2020-07-03 17:00:44', 10, 15, 1),
(398, '2020-07-06', 0, 'Emulzint (produção)', NULL, 1, NULL, '2020-07-03 17:05:16', '2020-07-06 12:54:12', 10, 15, 1),
(399, '2020-07-03', 200, 'bss industria', 421620.000, 1, NULL, '2020-07-03 17:16:26', '2020-07-03 17:17:31', 10, 15, 1),
(400, '2020-07-06', 0, 'MUNDO DOCE PRODUTOS REGIONAIS', NULL, 1, NULL, '2020-07-03 17:23:20', '2020-07-06 18:36:39', 10, 15, 1),
(401, '2020-07-03', 9, 'santa paleta', 96999.000, 1, NULL, '2020-07-03 17:38:30', '2020-07-03 17:41:48', 10, 15, 1),
(402, '2020-07-08', 0, 'Lactalis', NULL, 1, NULL, '2020-07-06 10:58:53', '2020-07-08 12:16:41', 10, 15, 1),
(403, '2020-07-07', 0, 'BORA', NULL, 1, NULL, '2020-07-06 12:28:29', '2020-07-07 17:02:24', 10, 15, 1),
(404, '2020-07-06', 150, 'Ice cream  comercio (produção)', 870.000, 1, NULL, '2020-07-06 12:29:51', '2020-07-06 14:23:52', 10, 15, 1),
(405, '2020-07-07', 0, 'SEARA', NULL, 3, NULL, '2020-07-06 12:30:49', '2020-07-06 12:30:49', 10, 15, 1),
(406, '2020-07-06', 60, 'Aurora (produção )', 95940.000, 1, NULL, '2020-07-06 12:32:48', '2020-07-06 12:54:27', 10, 15, 1),
(407, '2020-07-09', 139, 'DR oetker', NULL, 1, NULL, '2020-07-06 12:43:02', '2020-07-09 15:50:28', 10, 15, 1),
(408, '2020-07-14', 428, 'Real Comercial (La Pastina)', 65219.520, 1, 'Entregue', '2020-07-06 12:58:57', '2020-07-14 20:32:59', 10, 15, 1),
(409, '2020-07-08', 72, 'TPN Adega alantejana/Ralston', NULL, 1, NULL, '2020-07-06 13:07:16', '2020-07-08 16:41:10', 10, 15, 1),
(410, '2020-07-09', 10, 'INDAIA', NULL, 1, NULL, '2020-07-06 13:10:21', '2020-07-09 15:49:59', 10, 15, 1),
(411, '2020-07-07', 10, 'Coca Cola', 48962.930, 3, NULL, '2020-07-06 13:12:43', '2020-07-06 13:12:43', 10, 15, 1),
(412, '2020-07-10', 6, 'HNK', 43684.840, 3, NULL, '2020-07-06 13:13:33', '2020-07-06 13:13:33', 10, 15, 1),
(413, '2020-07-06', 360, 'Nestle(produção )', 290685.000, 1, NULL, '2020-07-06 14:21:25', '2020-07-06 18:36:50', 10, 15, 1),
(414, '2020-07-06', 100, 'Nestle(produção )', 264614.000, 1, NULL, '2020-07-06 14:34:58', '2020-07-06 18:38:51', 10, 15, 1),
(415, '2020-07-06', 360, 'Nestle(produção )', 622346.000, 1, NULL, '2020-07-06 14:35:30', '2020-07-06 18:39:51', 10, 15, 1),
(416, '2020-07-06', 1, 'Nestle(produção )', 9352.000, 1, NULL, '2020-07-06 14:35:55', '2020-07-06 18:38:41', 10, 15, 1),
(417, '2020-07-06', 9, 'Nestle(produção )', 96993.000, 1, NULL, '2020-07-06 14:36:40', '2020-07-06 18:37:14', 10, 15, 1),
(418, '2020-07-08', 0, 'Mezzani', NULL, 1, NULL, '2020-07-06 16:18:26', '2020-07-08 12:16:49', 10, 15, 1),
(419, '2020-07-07', 0, 'MCR comercial (produção)', NULL, 1, NULL, '2020-07-06 16:22:30', '2020-07-07 11:27:18', 10, 15, 1),
(420, '2020-07-10', 64, 'Patrus (Ponteland)', 10205.410, 3, NULL, '2020-07-06 16:24:55', '2020-07-06 16:24:55', 10, 15, 1),
(421, '2020-07-07', 0, 'Yakult', NULL, 1, NULL, '2020-07-06 16:27:47', '2020-07-07 18:24:42', 10, 15, 1),
(422, '2020-07-07', 12, 'Saudali', 280937.000, 2, 'Não veio e não solicitou reagendamento .', '2020-07-06 16:45:22', '2020-07-07 18:26:05', 10, 15, 1),
(423, '2020-07-07', 312, 'Dengo', 132912.000, 1, NULL, '2020-07-06 16:51:27', '2020-07-07 18:24:51', 10, 15, 1),
(424, '2020-07-06', 40, 'FAZENDA TAPERA(produção)', 960.000, 1, NULL, '2020-07-06 17:18:39', '2020-07-06 18:38:14', 10, 15, 1),
(425, '2020-07-07', 0, 'D.E Envase-ÁGUA DE COCO', NULL, 1, NULL, '2020-07-06 17:38:55', '2020-07-07 12:12:33', 10, 15, 1),
(426, '2020-07-06', 0, 'Emanuelle carpaccio', 188813.000, 1, NULL, '2020-07-06 18:35:43', '2020-07-06 18:38:23', 10, 15, 1),
(427, '2020-07-08', 0, 'Frigbahia', NULL, 1, NULL, '2020-07-07 10:45:50', '2020-07-08 14:35:43', 10, 15, 1),
(428, '2020-07-08', 0, 'Massa crocante', 557340.000, 1, NULL, '2020-07-07 10:50:47', '2020-07-08 16:46:47', 10, 15, 1),
(429, '2020-07-07', 362, 'MCR comercial (produção)', 264750.000, 1, NULL, '2020-07-07 11:11:30', '2020-07-07 17:02:53', 10, 15, 1),
(430, '2020-07-07', 28, 'Sost(produção)', 59248.000, 1, NULL, '2020-07-07 11:12:06', '2020-07-07 12:11:54', 10, 15, 1),
(431, '2020-07-07', 2, 'Sost(produção)', 774.000, 1, NULL, '2020-07-07 11:12:28', '2020-07-07 12:12:03', 10, 15, 1),
(432, '2020-07-07', 28, 'Sost(produção)', 59248.000, 1, NULL, '2020-07-07 11:12:58', '2020-07-07 12:12:14', 10, 15, 1),
(433, '2020-07-08', 0, 'laticínio natal', NULL, 1, NULL, '2020-07-07 13:05:04', '2020-07-08 14:43:57', 10, 15, 1),
(434, '2020-07-08', 0, 'Brf', NULL, 3, NULL, '2020-07-07 13:08:29', '2020-07-07 13:08:29', 10, 15, 1),
(435, '2020-07-08', 0, 'Master milk', NULL, 1, NULL, '2020-07-07 13:19:55', '2020-07-08 12:16:59', 10, 15, 1),
(437, '2020-07-08', 0, 'kibon', NULL, 3, NULL, '2020-07-07 13:37:59', '2020-07-07 13:37:59', 10, 15, 1),
(438, '2020-07-14', 229, 'Nestle', 36752.270, 2, NULL, '2020-07-07 16:01:21', '2020-07-15 19:30:21', 10, 15, 1),
(439, '2020-07-07', 330, 'Brf', 936116.000, 1, 'recebimento fora da grade de agendamento.', '2020-07-07 17:01:00', '2020-07-07 17:04:39', 10, 15, 1),
(440, '2020-07-07', 10, 'Brf', 288960.000, 1, 'recebimento fora da grade de agendamento.', '2020-07-07 17:01:38', '2020-07-07 17:05:20', 10, 15, 1),
(441, '2020-07-07', 65, 'Brf', 1480725.000, 1, 'recebimento fora da grade de agendamento.', '2020-07-07 17:02:06', '2020-07-07 17:06:17', 10, 15, 1),
(442, '2020-07-10', 7, 'Itambe', NULL, 3, NULL, '2020-07-07 17:06:57', '2020-07-07 17:06:57', 10, 15, 1),
(443, '2020-07-10', 26, 'Sua Majestade', 2106.480, 3, NULL, '2020-07-07 17:08:09', '2020-07-07 17:08:09', 10, 15, 1),
(445, '2020-07-08', 0, 'canãa (refeitório)', NULL, 1, NULL, '2020-07-07 17:12:48', '2020-07-08 13:55:02', 10, 15, 1),
(447, '2020-07-10', 8, 'Café Piatã', 2720.000, 3, NULL, '2020-07-07 19:02:40', '2020-07-07 19:02:40', 10, 15, 1),
(448, '2020-07-13', 250, 'Hemmer', 24707.380, 1, NULL, '2020-07-07 19:08:42', '2020-07-14 13:26:10', 10, 15, 1),
(449, '2020-07-13', 280, 'SUCO OQ', 15192.000, 1, NULL, '2020-07-07 19:12:06', '2020-07-14 13:26:42', 10, 15, 1),
(450, '2020-07-13', 13, 'Nazapack', NULL, 1, NULL, '2020-07-07 19:15:04', '2020-07-14 13:28:16', 10, 15, 1),
(451, '2020-07-09', 314, 'Austral Bauduco', 24091.270, 3, NULL, '2020-07-07 19:19:46', '2020-07-07 19:19:46', 10, 15, 1),
(452, '2020-07-09', 0, 'LATICINIOS CATUPRY', NULL, 1, NULL, '2020-07-08 11:11:48', '2020-07-09 13:47:48', 10, 15, 1),
(454, '2020-07-13', 0, 'Barbosa & Marques', NULL, 1, NULL, '2020-07-08 11:20:07', '2020-07-13 12:25:42', 10, 15, 1),
(455, '2020-07-13', 746, 'AURORA', 0.000, 1, NULL, '2020-07-08 11:31:26', '2020-07-14 13:28:41', 10, 15, 1),
(456, '2020-07-08', 2, 'MCR comercial (produção)', 325040.000, 1, NULL, '2020-07-08 12:13:48', '2020-07-08 12:17:20', 10, 15, 1),
(457, '2020-07-09', 0, 'wcn fermentão (produção)', NULL, 2, 'não veio e não solicitou reagendamento.', '2020-07-08 13:36:35', '2020-07-09 18:48:14', 10, 15, 1),
(458, '2020-07-08', 0, 'm&a produção', 2137680.000, 1, NULL, '2020-07-08 14:10:22', '2020-07-08 14:44:09', 10, 15, 1),
(459, '2020-07-08', 150, 'Dengo (Produção )', 360.000, 1, NULL, '2020-07-08 14:10:53', '2020-07-08 14:44:19', 10, 15, 1),
(460, '2020-07-14', 100, 'VIVICOLA PERINI', 14387.410, 1, NULL, '2020-07-08 14:12:37', '2020-07-15 19:30:50', 10, 15, 1),
(461, '2020-07-14', 352, 'PIRACANJUBA', 22952.530, 1, NULL, '2020-07-08 14:15:30', '2020-07-15 19:31:19', 10, 15, 1),
(462, '2020-07-15', 147, 'GARIBALDE', 12431.840, 1, NULL, '2020-07-08 14:18:02', '2020-07-15 19:36:14', 10, 15, 1),
(463, '2020-07-15', 147, 'GARIBALDE', 12431.840, 3, NULL, '2020-07-08 14:19:10', '2020-07-08 14:19:10', 10, 15, 1),
(464, '2020-07-10', 13, 'Latittude 13', NULL, 3, NULL, '2020-07-08 14:21:56', '2020-07-08 14:21:56', 10, 15, 1),
(465, '2020-07-10', 8, 'Leticia Conceição', 2720.000, 3, NULL, '2020-07-08 14:24:17', '2020-07-08 14:24:17', 10, 15, 1),
(466, '2020-07-10', 19, 'Barbosa e Marques', 900.450, 3, NULL, '2020-07-08 15:44:35', '2020-07-08 15:44:35', 10, 15, 1),
(467, '2020-07-16', 78, 'Masterfoods', NULL, 1, NULL, '2020-07-08 15:48:22', '2020-07-16 16:43:25', 10, 15, 1),
(468, '2020-07-21', 46, 'Red Bull', 7110.460, 1, NULL, '2020-07-08 15:52:52', '2020-07-21 16:58:09', 10, 15, 1),
(469, '2020-07-10', 134, 'Mendoa', 17882.500, 3, NULL, '2020-07-08 16:01:05', '2020-07-08 16:01:05', 10, 15, 1),
(470, '2020-07-14', 78, 'Pepsico', 6306.680, 1, NULL, '2020-07-08 16:08:05', '2020-07-14 13:32:35', 10, 15, 1),
(471, '2020-07-09', 0, 'Jbs', NULL, 1, NULL, '2020-07-08 16:15:38', '2020-07-09 13:47:57', 10, 15, 1),
(472, '2020-07-10', 0, 'Vigor', NULL, 1, NULL, '2020-07-08 16:19:05', '2020-07-10 13:41:50', 10, 15, 1),
(473, '2020-07-09', 2, 'Planeta Cacau', 753.600, 3, NULL, '2020-07-08 16:19:57', '2020-07-08 16:19:57', 10, 15, 1),
(474, '2020-07-09', 0, 'D.E Envase-ÁGUA DE COCO', NULL, 1, NULL, '2020-07-08 17:17:41', '2020-07-09 13:48:06', 10, 15, 1),
(475, '2020-07-15', 64, 'Bombay', 5166.720, 1, NULL, '2020-07-08 17:41:34', '2020-07-15 19:36:34', 10, 15, 1),
(476, '2020-07-10', 0, 'produto babbete', NULL, 2, 'nota devolvida produtos em desacordo com o pedido .ex; caixa com 06 unidades enviaram 04 unidades .', '2020-07-08 18:31:52', '2020-07-10 14:12:40', 10, 15, 1),
(477, '2020-07-10', 14, 'La geri', 273112.000, 1, NULL, '2020-07-08 18:33:26', '2020-07-10 13:42:02', 10, 15, 1),
(478, '2020-07-09', 0, 'D.E ENVASE', NULL, 1, NULL, '2020-07-08 18:40:59', '2020-07-09 18:56:13', 10, 15, 1),
(479, '2020-07-16', 337, 'Transwinter (Interfood, Jamal, Epice)', 114587.950, 1, NULL, '2020-07-08 19:34:10', '2020-07-16 16:43:58', 10, 15, 1),
(480, '2020-07-10', 0, 'SAUDALI e FUNDAÇÃO', NULL, 1, NULL, '2020-07-08 19:47:47', '2020-07-10 13:42:11', 10, 15, 1),
(481, '2020-07-09', 66, 'holambelo', 175480.000, 1, NULL, '2020-07-09 12:58:43', '2020-07-09 13:48:15', 10, 15, 1),
(482, '2020-07-13', 10, 'Ambev', NULL, 1, NULL, '2020-07-09 13:50:56', '2020-07-14 13:29:10', 10, 15, 1),
(483, '2020-07-14', 7, 'Norsa', NULL, 1, NULL, '2020-07-09 13:51:15', '2020-07-15 19:33:04', 10, 15, 1),
(484, '2020-07-15', 13, 'Leitissimo', NULL, 1, NULL, '2020-07-09 13:55:19', '2020-07-16 16:37:59', 10, 15, 1),
(485, '2020-07-09', 23, 'verde campo(BORA)', 289273.000, 1, NULL, '2020-07-09 14:11:24', '2020-07-09 18:02:43', 10, 15, 1),
(486, '2020-07-09', 1, 'verde campo(BORA)', 5928.000, 1, NULL, '2020-07-09 14:12:03', '2020-07-09 18:02:34', 10, 15, 1),
(487, '2020-07-09', 48, 'São vicente (bora)', 698027.000, 1, NULL, '2020-07-09 14:12:48', '2020-07-09 18:02:53', 10, 15, 1),
(488, '2020-07-16', 227, 'Tecmar (Fc, Vitao)', 10548.920, 1, NULL, '2020-07-09 14:13:34', '2020-07-16 16:47:12', 10, 15, 1),
(489, '2020-07-09', 21, 'Atilatte(bora)', 125156.000, 1, NULL, '2020-07-09 14:13:35', '2020-07-09 18:03:02', 10, 15, 1),
(490, '2020-07-09', 4, 'Atilatte(bora)', 600.000, 1, NULL, '2020-07-09 14:14:10', '2020-07-09 18:52:43', 10, 15, 1),
(491, '2020-07-09', 750, 'Tirolez produção (Bora)', 2100000.000, 1, NULL, '2020-07-09 14:15:03', '2020-07-09 18:02:13', 10, 15, 1),
(492, '2020-07-09', 93, 'Omamori(bora)', 2159290.000, 1, NULL, '2020-07-09 14:15:54', '2020-07-09 18:02:26', 10, 15, 1),
(493, '2020-07-09', 19, 'Nova mix(bora)', 855107.000, 1, NULL, '2020-07-09 14:16:46', '2020-07-09 18:04:01', 10, 15, 1),
(494, '2020-07-09', 1244, 'Tirolez', 3470760.000, 1, NULL, '2020-07-09 14:17:32', '2020-07-09 18:04:09', 10, 15, 1),
(495, '2020-07-09', 40, 'FAZENDA TAPERA(produção)', 960.000, 1, NULL, '2020-07-09 14:23:07', '2020-07-09 18:01:58', 10, 15, 1),
(496, '2020-07-09', 60, 'Magui importação(produção)', 1200000.000, 1, NULL, '2020-07-09 14:42:39', '2020-07-09 18:01:49', 10, 15, 1);
INSERT INTO `agendar` (`id`, `data`, `volume_carga`, `fornecedor`, `valor_nota`, `status`, `observacao`, `created_at`, `updated_at`, `id_users`, `id_loja`, `id_area`) VALUES
(497, '2020-07-09', 45, 'Magui importação(produção)', 858590.000, 1, NULL, '2020-07-09 14:43:10', '2020-07-09 18:01:40', 10, 15, 1),
(498, '2020-07-17', 559, 'Planeta Natural', 38703.260, 1, NULL, '2020-07-09 15:38:58', '2020-07-17 19:44:42', 10, 15, 1),
(499, '2020-07-13', 10, 'Doce Santa Fe', NULL, 3, NULL, '2020-07-09 15:42:43', '2020-07-09 15:42:43', 10, 15, 1),
(500, '2020-07-15', 48, 'Lafra Distribuidora', 9957.550, 2, NULL, '2020-07-09 15:45:26', '2020-07-15 19:37:42', 10, 15, 1),
(501, '2020-07-16', 14, 'RR Etiquetas', 3979.440, 1, NULL, '2020-07-09 15:48:07', '2020-07-16 16:45:12', 10, 15, 1),
(502, '2020-07-13', 0, 'Damm', NULL, 1, NULL, '2020-07-09 18:13:38', '2020-07-13 14:34:31', 10, 15, 1),
(503, '2020-07-10', 0, 'BRF', NULL, 3, NULL, '2020-07-09 19:05:44', '2020-07-09 19:05:44', 10, 15, 1),
(504, '2020-07-10', 15, 'raquel maria(pamonha)', 405.000, 1, NULL, '2020-07-10 12:54:41', '2020-07-10 13:42:19', 10, 15, 1),
(505, '2020-07-20', 946, 'Nestle', 115021.830, 3, NULL, '2020-07-10 13:22:21', '2020-07-10 13:22:21', 10, 15, 1),
(506, '2020-07-16', 68000, 'Copobras', 2508.100, 1, NULL, '2020-07-10 13:31:25', '2020-07-16 16:45:39', 10, 15, 1),
(507, '2020-07-16', 314, 'Austral (Pandurata)', 24091.270, 1, NULL, '2020-07-10 13:39:32', '2020-07-16 16:46:05', 10, 15, 1),
(508, '2020-07-13', 0, 'fermentao', NULL, 2, NULL, '2020-07-10 13:50:18', '2020-07-13 18:23:45', 10, 15, 1),
(509, '2020-07-15', 81, 'Infa Instituto Farm', 11107.060, 1, NULL, '2020-07-10 13:55:39', '2020-07-15 19:37:00', 10, 15, 1),
(510, '2020-07-15', 0, 'Alimentus', NULL, 3, NULL, '2020-07-10 16:24:59', '2020-07-10 16:24:59', 10, 15, 1),
(511, '2020-07-15', 0, 'Da vaca', NULL, 3, NULL, '2020-07-10 16:27:33', '2020-07-10 16:27:33', 10, 15, 1),
(512, '2020-07-13', 0, 'produto babbete', NULL, 1, NULL, '2020-07-10 16:31:00', '2020-07-13 17:14:08', 10, 15, 1),
(513, '2020-07-13', 0, 'PALMEIRA LATICINIO LTDA', NULL, 1, NULL, '2020-07-10 17:01:14', '2020-07-13 14:34:40', 10, 15, 1),
(514, '2020-07-13', 0, 'canaa', NULL, 1, NULL, '2020-07-10 17:20:42', '2020-07-13 17:14:16', 10, 15, 1),
(515, '2020-07-16', 0, 'LATICINIOS OSCAR SALGADO', NULL, 1, NULL, '2020-07-10 17:38:34', '2020-07-16 18:44:06', 10, 15, 1),
(516, '2020-07-17', 368, 'Rio Sol', 41645.230, 1, NULL, '2020-07-10 17:41:52', '2020-07-17 19:42:25', 10, 15, 1),
(517, '2020-07-13', 0, 'forno minas', NULL, 1, NULL, '2020-07-10 18:24:25', '2020-07-13 12:25:51', 10, 15, 1),
(518, '2020-07-15', 0, 'ZEINA CHALHUB', NULL, 1, NULL, '2020-07-11 09:59:37', '2020-07-15 19:41:40', 10, 15, 1),
(519, '2020-07-14', 40, 'mundo doce', 25250.000, 1, 'Entregue', '2020-07-11 11:24:07', '2020-07-14 20:15:52', 10, 15, 1),
(520, '2020-07-17', 212, '3 Corações', 1417.200, 1, NULL, '2020-07-13 10:59:01', '2020-07-17 19:42:41', 10, 15, 1),
(521, '2020-07-15', 89, 'MDIAS', NULL, 1, NULL, '2020-07-13 11:03:05', '2020-07-15 19:34:06', 10, 15, 1),
(522, '2020-07-15', 0, 'damm', NULL, 1, NULL, '2020-07-13 13:44:19', '2020-07-15 19:42:37', 10, 15, 1),
(523, '2020-07-15', 0, 'litoral norte', NULL, 1, NULL, '2020-07-13 13:44:39', '2020-07-15 19:43:11', 10, 15, 1),
(524, '2020-07-13', 35, 'fazenda tapera(produção)', 670.000, 1, NULL, '2020-07-13 14:18:40', '2020-07-13 14:34:10', 10, 15, 1),
(525, '2020-07-13', 100, 'Dengo (produção)', 240.000, 1, NULL, '2020-07-13 14:19:31', '2020-07-13 14:34:18', 10, 15, 1),
(526, '2020-07-15', 0, 'Danone', NULL, 1, NULL, '2020-07-13 14:36:24', '2020-07-15 19:44:20', 10, 15, 1),
(527, '2020-07-16', 19, 'DUCOCO', 1386.840, 1, NULL, '2020-07-13 15:28:08', '2020-07-16 16:41:23', 10, 15, 1),
(528, '2020-07-17', 5, 'HNK', NULL, 1, NULL, '2020-07-13 15:43:15', '2020-07-17 19:43:03', 10, 15, 1),
(529, '2020-07-17', 51, 'Lutan ( Nissin, Pepsico)', NULL, 1, NULL, '2020-07-13 15:43:58', '2020-07-17 19:43:29', 10, 15, 1),
(530, '2020-07-15', 3, 'Chocolate Amma', NULL, 1, NULL, '2020-07-13 16:01:33', '2020-07-16 16:37:15', 10, 15, 1),
(531, '2020-07-21', 217, 'VCT', NULL, 1, NULL, '2020-07-13 16:23:27', '2020-07-21 16:53:15', 10, 15, 1),
(533, '2020-07-20', 82, 'Porto a Porto', NULL, 1, NULL, '2020-07-13 16:32:06', '2020-07-21 16:51:03', 10, 15, 1),
(534, '2020-07-14', 9, 'Carballo Faro', 1020.840, 1, NULL, '2020-07-13 16:36:53', '2020-07-14 13:31:35', 10, 15, 1),
(535, '2020-07-14', 0, 'BORA', NULL, 1, NULL, '2020-07-13 16:38:05', '2020-07-15 11:01:23', 10, 15, 1),
(536, '2020-07-14', 0, 'MASTER MILK', NULL, 1, NULL, '2020-07-13 16:55:04', '2020-07-15 11:03:37', 10, 15, 1),
(537, '2020-07-14', 0, 'D.E Envase e Distribuição', NULL, 1, NULL, '2020-07-13 17:21:24', '2020-07-15 11:04:51', 10, 15, 1),
(538, '2020-07-20', 150, 'JACOBS', NULL, 1, NULL, '2020-07-13 18:07:38', '2020-07-21 16:51:31', 10, 15, 1),
(539, '2020-07-16', 0, 'arosa', NULL, 1, NULL, '2020-07-13 18:27:47', '2020-07-16 18:44:45', 10, 15, 1),
(540, '2020-07-14', 0, 'fermentao', NULL, 1, NULL, '2020-07-13 18:29:58', '2020-07-15 11:05:30', 10, 15, 1),
(541, '2020-07-16', 0, 'tredici', NULL, 1, NULL, '2020-07-13 18:34:11', '2020-07-16 18:46:00', 10, 15, 1),
(542, '2020-07-21', 65, 'CAMPARI- BACARDI', 16599.650, 1, NULL, '2020-07-14 13:40:56', '2020-07-21 16:55:58', 10, 15, 1),
(543, '2020-07-21', 52, 'Paramana', 24.294, 1, NULL, '2020-07-14 13:55:14', '2020-07-21 16:56:54', 10, 15, 1),
(544, '2020-07-16', 63, 'BANANA CHIPS', NULL, 1, NULL, '2020-07-14 14:00:19', '2020-07-16 16:42:19', 10, 15, 1),
(545, '2020-07-15', 0, 'DPA', NULL, 2, 'Solicitou reagendamento', '2020-07-14 14:10:44', '2020-07-15 19:45:12', 10, 15, 1),
(546, '2020-07-21', 103, 'RAIMUNDO DA FONTE', NULL, 1, NULL, '2020-07-14 14:11:52', '2020-07-21 16:56:37', 10, 15, 1),
(547, '2020-07-15', 0, 'Queijo finos', NULL, 1, NULL, '2020-07-14 14:15:12', '2020-07-15 19:45:45', 10, 15, 1),
(548, '2020-07-15', 0, 'BRF', NULL, 1, NULL, '2020-07-14 14:15:45', '2020-07-15 19:46:28', 10, 15, 1),
(549, '2020-07-17', 0, 'BRF', NULL, 3, NULL, '2020-07-14 14:16:11', '2020-07-14 14:16:11', 10, 15, 1),
(550, '2020-07-20', 1, 'Ambev', NULL, 1, NULL, '2020-07-14 14:18:45', '2020-07-21 16:51:48', 10, 15, 1),
(551, '2020-07-17', 160, 'TECMAR (CMPC)', NULL, 1, NULL, '2020-07-14 14:19:08', '2020-07-17 19:45:50', 10, 15, 1),
(552, '2020-07-15', 1, 'PLUS VITA (BIMBO)', NULL, 1, NULL, '2020-07-14 16:29:53', '2020-07-15 19:35:11', 10, 15, 1),
(553, '2020-07-16', 1000, 'Yacult', NULL, 1, NULL, '2020-07-14 18:18:48', '2020-07-16 18:46:35', 10, 15, 1),
(554, '2020-07-17', 0, 'Vigor', NULL, 3, NULL, '2020-07-14 18:36:25', '2020-07-14 18:36:25', 10, 15, 1),
(555, '2020-07-14', 0, 'Tirolez (Bora)', NULL, 1, NULL, '2020-07-14 20:18:35', '2020-07-15 11:06:07', 10, 15, 1),
(556, '2020-07-14', 0, 'Calimp( Bora)', NULL, 1, NULL, '2020-07-14 20:19:31', '2020-07-15 11:07:05', 10, 15, 1),
(557, '2020-07-14', 0, 'Zinho(bora)', NULL, 1, NULL, '2020-07-14 20:20:08', '2020-07-15 11:07:46', 10, 15, 1),
(558, '2020-07-14', 0, 'Laticinio sao joao (Bora)', NULL, 1, NULL, '2020-07-14 20:20:40', '2020-07-15 11:08:21', 10, 15, 1),
(559, '2020-07-14', 0, 'Korim(Bora)', NULL, 1, NULL, '2020-07-14 20:21:09', '2020-07-15 11:09:08', 10, 15, 1),
(560, '2020-07-14', 0, 'Ricex(Bora)', NULL, 1, NULL, '2020-07-14 20:24:09', '2020-07-15 11:09:50', 10, 15, 1),
(561, '2020-07-14', 0, 'Polleng (Bora)', NULL, 1, NULL, '2020-07-14 20:24:36', '2020-07-15 11:10:38', 10, 15, 1),
(562, '2020-07-14', 0, 'Ecobraz(bora)', NULL, 1, NULL, '2020-07-14 20:25:04', '2020-07-15 11:11:20', 10, 15, 1),
(563, '2020-07-14', 0, 'Goncalves(Bora)', NULL, 1, NULL, '2020-07-14 20:25:31', '2020-07-15 11:12:09', 10, 15, 1),
(564, '2020-07-14', 0, 'Alfood(bora)', NULL, 1, NULL, '2020-07-14 20:25:58', '2020-07-15 11:13:25', 10, 15, 1),
(565, '2020-07-14', 0, 'Idnon(Bora)', NULL, 1, NULL, '2020-07-14 20:27:21', '2020-07-15 11:14:08', 10, 15, 1),
(566, '2020-07-17', 0, 'PHT', NULL, 3, NULL, '2020-07-15 11:47:30', '2020-07-15 11:47:30', 10, 15, 1),
(567, '2020-07-17', 0, 'BSS', NULL, 3, NULL, '2020-07-15 11:54:05', '2020-07-15 11:54:05', 10, 15, 1),
(568, '2020-08-03', 30, 'BICAFE', 5370.600, 1, 'Entregue', '2020-07-15 12:30:08', '2020-08-03 17:13:15', 10, 15, 1),
(569, '2020-07-16', 0, 'Brasfrut(refeitório)', NULL, 1, NULL, '2020-07-15 12:59:00', '2020-07-16 18:47:23', 10, 15, 1),
(570, '2020-07-17', 0, 'Fundação J Carvalho', NULL, 3, NULL, '2020-07-15 13:05:32', '2020-07-15 13:05:32', 10, 15, 1),
(571, '2020-07-21', 1, 'Norsa', NULL, 2, NULL, '2020-07-15 13:22:31', '2020-07-21 16:56:16', 10, 15, 1),
(572, '2020-07-16', 1, 'TPN Litio', NULL, 1, NULL, '2020-07-15 13:29:57', '2020-07-16 16:42:46', 10, 15, 1),
(573, '2020-07-21', 25, 'Vyvedas', 3812.740, 1, NULL, '2020-07-15 13:38:26', '2020-07-21 16:57:20', 10, 15, 1),
(574, '2020-07-16', 0, 'Laticinio Natal', NULL, 1, NULL, '2020-07-15 16:44:44', '2020-07-16 18:48:04', 10, 15, 1),
(575, '2020-07-16', 0, 'JBS', NULL, 1, NULL, '2020-07-15 16:47:26', '2020-07-16 18:49:24', 10, 15, 1),
(576, '2020-07-17', 0, 'DPA', NULL, 3, NULL, '2020-07-15 16:53:50', '2020-07-15 16:53:50', 10, 15, 1),
(577, '2020-07-16', 0, 'Kibom', NULL, 1, NULL, '2020-07-15 17:55:22', '2020-07-16 18:49:57', 10, 15, 1),
(578, '2020-07-15', 0, 'Canaa', NULL, 1, 'Produção', '2020-07-15 19:47:04', '2020-07-15 19:48:30', 10, 15, 1),
(579, '2020-07-17', 0, 'lactalis', NULL, 3, NULL, '2020-07-16 12:26:05', '2020-07-16 12:26:05', 10, 15, 1),
(580, '2020-07-22', 21, 'LAFRRA', 2388.960, 3, NULL, '2020-07-16 13:35:44', '2020-07-16 13:35:44', 10, 15, 1),
(582, '2020-07-22', 3, 'CHOCOLATES FINOS', NULL, 3, NULL, '2020-07-16 13:43:16', '2020-07-16 13:43:16', 10, 15, 1),
(583, '2020-07-17', 10, 'Flor Nativa', NULL, 1, NULL, '2020-07-16 13:51:24', '2020-07-17 19:43:54', 10, 15, 1),
(584, '2020-07-17', 4, 'TERREIRO DA BAHIA', 727.500, 1, NULL, '2020-07-16 14:06:31', '2020-07-17 19:44:22', 10, 15, 1),
(585, '2020-07-22', 21, 'Fundação Arthur Bernardes', 2721.600, 3, NULL, '2020-07-16 14:14:53', '2020-07-16 14:14:53', 10, 15, 1),
(586, '2020-07-20', 0, 'BRF', NULL, 2, NULL, '2020-07-16 16:17:41', '2020-07-20 18:05:25', 10, 15, 1),
(587, '2020-07-20', 0, 'Seara', NULL, 2, NULL, '2020-07-16 16:18:09', '2020-07-20 18:06:03', 10, 15, 1),
(588, '2020-07-17', 0, 'WCN-PRODUÇÃO/LOJA', NULL, 3, NULL, '2020-07-16 17:52:10', '2020-07-16 17:52:10', 10, 15, 1),
(589, '2020-07-16', 0, 'Tirolez (Bora)', NULL, 1, NULL, '2020-07-16 18:40:31', '2020-07-16 18:50:45', 10, 15, 1),
(590, '2020-07-16', 0, 'novamix(bora)', NULL, 1, NULL, '2020-07-16 18:41:15', '2020-07-16 18:51:25', 10, 15, 1),
(591, '2020-07-16', 0, 'Tirolez(Produção)', NULL, 1, NULL, '2020-07-16 18:41:43', '2020-07-16 18:52:14', 10, 15, 1),
(592, '2020-07-22', 8, 'Neslte', NULL, 3, NULL, '2020-07-16 18:42:10', '2020-07-16 18:42:10', 10, 15, 1),
(593, '2020-07-16', 0, 'Polleng(Bora)', NULL, 1, NULL, '2020-07-16 18:42:12', '2020-07-16 18:52:53', 10, 15, 1),
(594, '2020-07-16', 0, 'Prieto(Bora)', NULL, 1, NULL, '2020-07-16 18:42:41', '2020-07-16 18:53:33', 10, 15, 1),
(595, '2020-07-16', 0, 'Dengo(produção)', NULL, 1, NULL, '2020-07-16 18:43:14', '2020-07-16 18:54:11', 10, 15, 1),
(596, '2020-07-20', 6, 'EIRELLE', 1544.460, 3, NULL, '2020-07-16 18:46:59', '2020-07-16 18:48:08', 10, 15, 1),
(597, '2020-07-22', 46, 'AUSTRAL LIGHT SWEET', NULL, 3, NULL, '2020-07-16 18:53:03', '2020-07-16 18:53:03', 10, 15, 1),
(598, '2020-07-21', 84, 'MISTRAL MV BAHIA', NULL, 1, NULL, '2020-07-16 18:56:06', '2020-07-21 16:57:42', 10, 15, 1),
(599, '2020-07-22', 8, 'FNS COMERCIO', 5380.000, 3, NULL, '2020-07-16 19:00:54', '2020-07-16 19:00:54', 10, 15, 1),
(600, '2020-07-20', 0, 'Araujo Matheus', NULL, 1, NULL, '2020-07-17 16:05:30', '2020-07-20 18:06:42', 10, 15, 1),
(601, '2020-07-20', 0, 'Master Milk', NULL, 1, NULL, '2020-07-17 18:55:11', '2020-07-20 18:07:19', 10, 15, 1),
(602, '2020-07-22', 0, 'Lactalis', NULL, 1, NULL, '2020-07-20 10:49:34', '2020-07-23 11:31:44', 10, 15, 1),
(603, '2020-07-21', 0, 'YAKULT', NULL, 1, NULL, '2020-07-20 17:22:27', '2020-07-22 14:21:34', 10, 15, 1),
(604, '2020-07-20', 0, 'Dengo(produção)', NULL, 1, NULL, '2020-07-20 18:04:38', '2020-07-20 18:09:16', 10, 15, 1),
(605, '2020-07-21', 0, 'D.E Envase-ÁGUA DE COCO', NULL, 1, NULL, '2020-07-20 18:56:31', '2020-07-22 14:22:08', 10, 15, 1),
(606, '2020-07-22', 0, 'Alimentus', NULL, 2, 'Devolvido por temperatura inadequada', '2020-07-21 11:57:52', '2020-07-23 11:32:58', 10, 15, 1),
(607, '2020-07-22', 0, 'Davaca', NULL, 1, NULL, '2020-07-21 11:58:19', '2020-07-23 11:33:32', 10, 15, 1),
(608, '2020-07-29', 0, 'Natural one', NULL, 2, 'solicitou reagendamento .', '2020-07-21 12:38:52', '2020-07-29 18:53:38', 10, 15, 1),
(609, '2020-07-29', 1, 'CAFE DELTA', NULL, 3, NULL, '2020-07-21 14:12:16', '2020-07-21 14:12:16', 10, 15, 1),
(610, '2020-07-22', 0, 'VIGOR', NULL, 1, NULL, '2020-07-21 16:33:08', '2020-07-23 11:34:10', 10, 15, 1),
(611, '2020-07-29', 23, 'Vyvedas', NULL, 3, NULL, '2020-07-21 17:01:39', '2020-07-21 17:01:39', 10, 15, 1),
(612, '2020-07-29', 20, 'Araujo Matheus', NULL, 3, NULL, '2020-07-21 17:03:20', '2020-07-21 17:03:20', 10, 15, 1),
(613, '2020-07-29', 97, 'Porto a Porto', NULL, 3, NULL, '2020-07-21 17:08:18', '2020-07-21 17:08:18', 10, 15, 1),
(614, '2020-07-29', 52, 'Carballo & Faro', 11577.540, 3, NULL, '2020-07-21 17:11:01', '2020-07-21 17:11:01', 10, 15, 1),
(615, '2020-07-29', 65, 'Gallo', NULL, 3, NULL, '2020-07-21 17:13:32', '2020-07-21 17:13:32', 10, 15, 1),
(616, '2020-07-29', 69, 'Hypera', NULL, 3, NULL, '2020-07-21 17:17:10', '2020-07-21 17:17:10', 10, 15, 1),
(617, '2020-07-29', 120, 'Rio Preto Agrícola', 658.800, 3, NULL, '2020-07-21 17:35:43', '2020-07-21 17:35:43', 10, 15, 1),
(618, '2020-07-30', 130, 'Pernod', NULL, 1, NULL, '2020-07-21 18:17:17', '2020-07-31 19:30:40', 10, 15, 1),
(619, '2020-07-29', 117, 'kicaldo', 6127.500, 3, NULL, '2020-07-21 19:37:38', '2020-07-21 19:37:38', 10, 15, 1),
(620, '2020-07-29', 0, 'Catupiry', NULL, 1, NULL, '2020-07-22 13:32:56', '2020-07-29 13:35:17', 10, 15, 1),
(621, '2020-07-23', 0, 'JBS', NULL, 1, NULL, '2020-07-22 13:38:37', '2020-07-24 11:22:36', 10, 15, 1),
(622, '2020-07-29', 0, 'Forno de minas', NULL, 1, NULL, '2020-07-22 13:47:15', '2020-07-29 12:12:57', 10, 15, 1),
(623, '2020-07-23', 0, 'DPA', NULL, 2, NULL, '2020-07-22 13:54:43', '2020-07-24 12:01:04', 10, 15, 1),
(624, '2020-07-22', 0, 'BRF', NULL, 1, NULL, '2020-07-22 13:56:18', '2020-07-23 11:34:45', 10, 15, 1),
(625, '2020-07-21', 0, 'Bora', NULL, 2, NULL, '2020-07-22 14:17:38', '2020-07-22 14:23:12', 10, 15, 1),
(626, '2020-07-21', 0, 'MCR (produção)', NULL, 1, NULL, '2020-07-22 14:18:19', '2020-07-22 14:25:24', 10, 15, 1),
(627, '2020-07-21', 0, 'Esse(produção)', NULL, 1, NULL, '2020-07-22 14:18:50', '2020-07-22 14:26:24', 10, 15, 1),
(628, '2020-07-21', 0, 'Canaa(Refeitorio)', NULL, 1, NULL, '2020-07-22 14:19:22', '2020-07-22 14:27:29', 10, 15, 1),
(629, '2020-07-21', 0, 'Fermentao (Produção)', NULL, 1, NULL, '2020-07-22 14:20:09', '2020-07-22 14:28:15', 10, 15, 1),
(630, '2020-07-30', 65, '3 Corações', 7319.560, 1, NULL, '2020-07-22 16:34:11', '2020-07-31 19:33:23', 10, 15, 1),
(631, '2020-07-28', 250, 'ECOFIBRAS', 1.380, 3, NULL, '2020-07-22 16:49:07', '2020-07-22 16:49:07', 10, 15, 1),
(634, '2020-07-23', 0, 'Danone', NULL, 1, NULL, '2020-07-22 17:04:00', '2020-07-24 11:49:44', 10, 15, 1),
(635, '2020-07-23', 0, 'Dengo', NULL, 1, NULL, '2020-07-22 17:11:23', '2020-07-24 11:59:27', 10, 15, 1),
(636, '2020-07-31', 575, 'Aurora', 136470.320, 1, NULL, '2020-07-22 17:31:15', '2020-07-31 19:28:24', 10, 15, 1),
(637, '2020-07-30', 101, 'Cantu', 31059.100, 1, NULL, '2020-07-22 17:47:34', '2020-07-31 19:37:41', 10, 15, 1),
(638, '2020-07-29', 22, 'Chorando com Cebola', NULL, 3, NULL, '2020-07-22 18:15:41', '2020-07-22 18:15:41', 10, 15, 1),
(639, '2020-07-30', 46, 'Total Química', 6216.900, 1, NULL, '2020-07-22 18:23:24', '2020-07-31 19:38:19', 10, 15, 1),
(640, '2020-07-29', 1, 'Norsa', NULL, 3, NULL, '2020-07-22 18:24:54', '2020-07-22 18:24:54', 10, 15, 1),
(641, '2020-07-23', 0, 'D.E Envase-ÁGUA DE COCO', NULL, 1, NULL, '2020-07-22 18:25:09', '2020-07-24 11:23:14', 10, 15, 1),
(642, '2020-07-23', 0, 'BORA', NULL, 1, NULL, '2020-07-22 19:09:22', '2020-07-24 11:50:18', 10, 15, 1),
(643, '2020-07-29', 0, 'BUFALISSIMA-LATICINIO NATAL', NULL, 1, NULL, '2020-07-23 10:38:41', '2020-07-29 12:58:24', 10, 15, 1),
(644, '2020-07-22', 0, 'Gelo garcia', NULL, 1, NULL, '2020-07-23 11:30:09', '2020-07-23 11:35:22', 10, 15, 1),
(645, '2020-07-22', 0, 'Gelo Garcia (produção)', NULL, 1, NULL, '2020-07-23 11:30:36', '2020-07-23 11:35:56', 10, 15, 1),
(648, '2020-07-29', 0, 'Fundação J Carvalho', NULL, 2, 'não veio e não solicitou reagendamento.', '2020-07-23 14:36:43', '2020-07-29 18:53:57', 10, 15, 1),
(649, '2020-07-29', 0, 'DPA', NULL, 1, NULL, '2020-07-23 17:44:39', '2020-07-29 18:54:08', 10, 15, 1),
(651, '2020-07-23', 0, 'Tirolez (bora)', 479836.000, 1, NULL, '2020-07-24 11:33:13', '2020-07-24 11:50:48', 10, 15, 1),
(652, '2020-07-23', 0, 'Nacon(BORA)', 1441890.000, 1, NULL, '2020-07-24 11:34:44', '2020-07-24 11:51:25', 10, 15, 1),
(653, '2020-07-23', 0, 'Polenghi(BORA)', 177374.000, 1, NULL, '2020-07-24 11:35:22', '2020-07-24 11:51:59', 10, 15, 1),
(654, '2020-07-23', 0, 'Brassol(BORA)', 1708073.000, 1, NULL, '2020-07-24 11:36:10', '2020-07-24 11:52:34', 10, 15, 1),
(655, '2020-07-23', 0, 'Jamones salamanca (bora)', 362527.000, 1, NULL, '2020-07-24 11:37:03', '2020-07-24 11:54:40', 10, 15, 1),
(656, '2020-07-23', 0, 'Korin(bora)', 351150.000, 1, NULL, '2020-07-24 11:37:41', '2020-07-24 11:55:13', 10, 15, 1),
(657, '2020-07-23', 0, 'korin(bora)', 944564.000, 1, NULL, '2020-07-24 11:38:04', '2020-07-24 11:55:45', 10, 15, 1),
(658, '2020-07-23', 0, 'laticínio são joão(bora)', 665822.000, 1, NULL, '2020-07-24 11:38:59', '2020-07-24 11:56:21', 10, 15, 1),
(659, '2020-07-23', 0, 'laticínio  são vicente', 468834.000, 1, NULL, '2020-07-24 11:42:55', '2020-07-24 12:00:26', 10, 15, 1),
(660, '2020-07-23', 0, 'laticínio  são vicente', 468834.000, 1, NULL, '2020-07-24 11:42:55', '2020-07-24 11:56:52', 10, 15, 1),
(661, '2020-07-23', 0, 'holambelo', 156900.000, 1, NULL, '2020-07-24 11:44:09', '2020-07-24 11:57:23', 10, 15, 1),
(662, '2020-07-29', 0, 'mundo doce', NULL, 1, NULL, '2020-07-24 17:41:58', '2020-07-29 18:41:28', 10, 15, 1),
(663, '2020-07-29', 0, 'master milk', NULL, 1, NULL, '2020-07-24 17:45:25', '2020-07-29 11:49:40', 10, 15, 1),
(664, '2020-07-31', 0, 'Mezzani', 321708.000, 1, NULL, '2020-07-27 10:41:18', '2020-07-31 14:40:45', 10, 15, 1),
(665, '2020-07-30', 0, 'yakult', NULL, 1, NULL, '2020-07-27 12:08:22', '2020-07-30 18:04:08', 10, 15, 1),
(666, '2020-07-30', 0, 'yakult', NULL, 1, NULL, '2020-07-27 12:08:22', '2020-07-30 17:01:19', 10, 15, 1),
(667, '2020-07-30', 0, 'lactalis', NULL, 2, 'não veio e não solicitou reagendamento.', '2020-07-27 14:15:40', '2020-07-30 18:19:38', 10, 15, 1),
(668, '2020-07-29', 0, 'D.E Envase-ÁGUA DE COCO', NULL, 3, NULL, '2020-07-27 14:59:28', '2020-07-27 18:13:54', 10, 15, 1),
(669, '2020-07-30', 0, 'Danone', NULL, 1, NULL, '2020-07-27 16:41:06', '2020-07-30 13:27:24', 10, 15, 1),
(670, '2020-07-30', 0, 'exceler', NULL, 1, NULL, '2020-07-27 16:49:13', '2020-07-30 18:19:14', 10, 15, 1),
(671, '2020-07-29', 0, 'D.E Envase-ÁGUA DE COCO', NULL, 2, 'solicitou reagendamento .', '2020-07-27 18:15:30', '2020-07-29 18:54:29', 10, 15, 1),
(672, '2020-08-03', 0, 'Barbosa & marques', NULL, 1, NULL, '2020-07-28 10:35:28', '2020-08-03 12:14:03', 10, 15, 1),
(673, '2020-07-30', 0, 'BEIJU', NULL, 1, NULL, '2020-07-28 16:47:21', '2020-07-30 13:27:34', 10, 15, 1),
(674, '2020-08-07', 159, 'PERNOD', 89487.920, 1, 'Não entregue', '2020-07-29 11:49:35', '2020-08-05 17:23:06', 10, 15, 1),
(675, '2020-07-29', 0, 'holambelo', 137420.000, 1, NULL, '2020-07-29 11:51:08', '2020-07-29 12:04:28', 10, 15, 1),
(676, '2020-07-31', 0, 'jbs', NULL, 1, NULL, '2020-07-29 12:09:22', '2020-07-31 19:12:49', 10, 15, 1),
(677, '2020-07-30', 25, 'M.J Farinhas', NULL, 1, NULL, '2020-07-29 12:19:11', '2020-07-31 19:33:54', 10, 15, 1),
(678, '2020-07-30', 4, 'Terreiro Bahia', 684.000, 1, NULL, '2020-07-29 12:21:46', '2020-07-31 19:34:40', 10, 15, 1),
(679, '2020-07-31', 0, 'kibon', NULL, 2, 'solicitou reagendamento .', '2020-07-29 12:25:14', '2020-07-31 19:12:38', 10, 15, 1),
(680, '2020-07-30', 29, 'Mito Brasil', 3463.440, 2, NULL, '2020-07-29 12:36:35', '2020-07-31 19:36:09', 10, 15, 1),
(681, '2020-08-05', 165, 'Galvanoteck / Moet Hennessy', 32660.450, 3, NULL, '2020-07-29 12:44:44', '2020-08-03 16:39:48', 10, 15, 1),
(682, '2020-07-31', 46, 'Austral (Light Sweet)', NULL, 1, NULL, '2020-07-29 12:47:59', '2020-07-31 19:28:55', 10, 15, 1),
(683, '2020-07-30', 1, 'Yakult', NULL, 1, NULL, '2020-07-29 12:50:17', '2020-07-30 17:01:09', 10, 15, 1),
(684, '2020-08-04', 20, 'Tecmar (Rilu-Plast)', 1872.200, 1, 'Entregue', '2020-07-29 12:53:39', '2020-08-04 17:44:27', 10, 15, 1),
(685, '2020-07-31', 1, 'Las Palomitas', 393.600, 1, NULL, '2020-07-29 12:58:39', '2020-07-31 19:29:24', 10, 15, 1),
(686, '2020-07-31', 0, 'natural one', NULL, 1, NULL, '2020-07-29 13:06:14', '2020-07-31 12:55:39', 10, 15, 1),
(687, '2020-08-12', 405, 'Ecolab', 33470.020, 3, NULL, '2020-07-29 13:07:56', '2020-08-05 11:15:24', 10, 15, 1),
(688, '2020-07-29', 24, 'Canaã (refeitório)', 390285.000, 1, NULL, '2020-07-29 13:36:18', '2020-07-29 14:13:04', 10, 15, 1),
(689, '2020-07-29', 150, 'Dengo (produção)', 360.000, 1, NULL, '2020-07-29 14:00:55', '2020-07-29 18:54:50', 10, 15, 1),
(690, '2020-07-31', 16, 'Patrus (Tramontina)', 3741.380, 1, NULL, '2020-07-29 14:02:22', '2020-07-31 19:29:56', 10, 15, 1),
(691, '2020-07-30', 1, 'Coca cola', NULL, 1, NULL, '2020-07-29 14:09:50', '2020-07-31 19:35:14', 10, 15, 1),
(692, '2020-08-03', 20, 'Ambev', NULL, 1, 'Entregue', '2020-07-29 14:10:58', '2020-08-03 17:13:02', 10, 15, 1),
(693, '2020-07-30', 151, 'J. Macedo', 8063.470, 1, NULL, '2020-07-29 14:12:56', '2020-07-31 19:40:59', 10, 15, 1),
(694, '2020-07-31', 0, 'Magazzino', NULL, 1, NULL, '2020-07-29 14:19:52', '2020-07-31 14:02:41', 10, 15, 1),
(695, '2020-07-30', 1, 'Iplasa', NULL, 2, NULL, '2020-07-29 14:21:54', '2020-07-31 19:39:46', 10, 15, 1),
(696, '2020-07-31', 25, 'Cremer', 2793.010, 1, NULL, '2020-07-29 14:23:07', '2020-07-31 19:31:04', 10, 15, 1),
(697, '2020-07-31', 24, 'Colavita', 3342.470, 1, NULL, '2020-07-29 14:44:43', '2020-07-31 19:31:32', 10, 15, 1),
(698, '2020-07-31', 129, 'M Dias', NULL, 1, NULL, '2020-07-29 14:54:26', '2020-07-31 19:32:02', 10, 15, 1),
(699, '2020-07-31', 0, 'Qj finos', NULL, 1, NULL, '2020-07-29 16:25:30', '2020-07-31 12:55:50', 10, 15, 1),
(700, '2020-07-30', 0, 'Brasfrut', NULL, 1, NULL, '2020-07-29 16:31:25', '2020-07-30 13:27:50', 10, 15, 1),
(701, '2020-07-30', 0, 'D.E Envase-ÁGUA DE COCO', NULL, 1, NULL, '2020-07-29 16:54:20', '2020-07-30 13:28:00', 10, 15, 1),
(702, '2020-07-30', 0, 'bora', NULL, 1, NULL, '2020-07-29 16:58:56', '2020-07-30 17:50:40', 10, 15, 1),
(703, '2020-08-03', 116, 'Lafra, Leão Alim, Bombay', 19038.890, 3, NULL, '2020-07-29 17:40:55', '2020-07-29 17:40:55', 10, 15, 1),
(704, '2020-08-03', 1, 'Nascimento', 8939.910, 3, NULL, '2020-07-29 17:52:37', '2020-07-29 17:54:46', 10, 15, 1),
(705, '2020-08-03', 58, 'Native', 6177.030, 1, 'Entregue', '2020-07-29 18:05:50', '2020-08-03 17:13:27', 10, 15, 1),
(707, '2020-07-30', 0, 'dengo', NULL, 1, NULL, '2020-07-29 18:37:26', '2020-07-30 13:28:11', 10, 15, 1),
(708, '2020-07-29', 0, 'BRF', NULL, 2, 'não veio e não solicitou reagendamento.', '2020-07-29 18:55:16', '2020-07-29 18:56:33', 10, 15, 1),
(709, '2020-07-29', 0, 'bfs (produção )', NULL, 1, NULL, '2020-07-29 18:55:58', '2020-07-29 18:56:15', 10, 15, 1),
(710, '2020-08-05', 0, 'Da vaca', NULL, 1, NULL, '2020-07-30 11:04:22', '2020-08-05 16:40:44', 10, 15, 1),
(711, '2020-08-03', 0, 'Canaa', NULL, 1, NULL, '2020-07-30 11:56:53', '2020-08-03 18:26:44', 10, 15, 1),
(712, '2020-07-30', 2, 'POLENGHI', 42468.000, 1, NULL, '2020-07-30 13:11:04', '2020-07-30 17:00:22', 10, 15, 1),
(713, '2020-07-30', 14, 'POLENGHI', 223591.000, 1, NULL, '2020-07-30 13:11:28', '2020-07-30 17:00:32', 10, 15, 1),
(714, '2020-07-30', 1538, 'Tirolez (bora)', 4291854.000, 1, NULL, '2020-07-30 13:12:07', '2020-07-30 17:53:33', 10, 15, 1),
(715, '2020-07-30', 16, 'I DON FRANCESCO', 105702.000, 1, NULL, '2020-07-30 13:12:44', '2020-07-30 18:02:28', 10, 15, 1),
(716, '2020-07-30', 19, 'TROP FRUTAS', 163393.000, 1, NULL, '2020-07-30 13:13:32', '2020-07-30 17:15:32', 10, 15, 1),
(717, '2020-07-30', 33, 'Tirolez (bora)', 469786.000, 1, NULL, '2020-07-30 13:13:59', '2020-07-30 17:51:12', 10, 15, 1),
(718, '2020-07-30', 2, 'Tirolez (bora)', 63960.000, 1, NULL, '2020-07-30 13:14:22', '2020-07-30 17:51:23', 10, 15, 1),
(719, '2020-07-30', 2, 'Tirolez (bora)', 63960.000, 1, NULL, '2020-07-30 13:14:23', '2020-07-30 17:51:35', 10, 15, 1),
(720, '2020-07-30', 4, 'NOVA MIX', 108864.000, 1, NULL, '2020-07-30 13:14:48', '2020-07-30 17:53:20', 10, 15, 1),
(721, '2020-07-30', 16, 'BOM DESTINO', 345460.000, 1, NULL, '2020-07-30 13:15:12', '2020-07-30 17:50:53', 10, 15, 1),
(722, '2020-07-30', 0, 'MORENA (PRODUÇÃO)', NULL, 1, NULL, '2020-07-30 13:41:20', '2020-07-30 17:01:53', 10, 15, 1),
(723, '2020-07-30', 0, 'fazenda tapera(produção)', 134750.000, 1, NULL, '2020-07-30 13:44:25', '2020-07-30 13:44:44', 10, 15, 1),
(724, '2020-07-31', 3, 'DELTA', NULL, 1, NULL, '2020-07-30 16:45:58', '2020-07-31 19:32:44', 10, 15, 1),
(725, '2020-07-31', 0, 'fermentão', NULL, 1, NULL, '2020-07-30 16:47:51', '2020-07-31 11:45:12', 10, 15, 1),
(726, '2020-08-03', 0, 'acarajô e abarô', NULL, 1, NULL, '2020-07-30 16:50:59', '2020-08-03 12:14:16', 10, 15, 1),
(727, '2020-08-05', 1, 'Multi Embalagens', NULL, 3, NULL, '2020-07-30 16:57:21', '2020-07-30 16:57:21', 10, 15, 1),
(728, '2020-08-04', 37, 'Comercial Coutrim', NULL, 1, 'Entregue', '2020-07-30 17:01:02', '2020-08-04 17:44:39', 10, 15, 1),
(729, '2020-08-03', 0, 'Babette', NULL, 1, 'não veio e não solicitou reagendamento.', '2020-07-30 17:07:51', '2020-08-03 19:19:42', 10, 15, 1),
(730, '2020-08-07', 472, 'DIAGEO', NULL, 3, NULL, '2020-07-30 17:10:13', '2020-07-31 18:07:21', 10, 15, 1),
(731, '2020-08-04', 129, 'MDIAS', NULL, 1, 'Não entregue', '2020-07-30 17:14:15', '2020-08-04 17:44:47', 10, 15, 1),
(732, '2020-08-03', 0, 'Fundação José carvalho', NULL, 1, NULL, '2020-07-30 17:18:34', '2020-08-03 19:20:51', 10, 15, 1),
(733, '2020-08-12', 20, 'Plastilandia', 3364.250, 3, NULL, '2020-07-30 17:23:59', '2020-08-04 13:40:09', 10, 15, 1),
(734, '2020-08-04', 311, 'BORA (Aroma das Ervas)', 29619.600, 1, 'Entregue', '2020-07-30 17:28:04', '2020-08-04 17:44:56', 10, 15, 1),
(735, '2020-08-10', 1, 'Alpfilm', NULL, 3, NULL, '2020-07-30 17:30:39', '2020-07-30 17:30:39', 10, 15, 1),
(736, '2020-08-03', 27, 'Sua Majestade', NULL, 1, 'Entregue', '2020-07-30 17:35:24', '2020-08-03 17:13:50', 10, 15, 1),
(737, '2020-08-04', 36, 'Distilerie Stock', 6963.860, 1, 'Entregue', '2020-07-30 18:04:50', '2020-08-04 17:45:05', 10, 15, 1),
(738, '2020-07-30', 20, 'l2p (produção )', 68169.000, 1, NULL, '2020-07-30 18:20:20', '2020-07-30 18:20:58', 10, 15, 1),
(739, '2020-07-31', 1000, 'M dias branco', 2941600.000, 1, NULL, '2020-07-31 11:23:54', '2020-07-31 13:29:50', 10, 15, 1),
(740, '2020-07-31', 100, 'holambelo', 270000.000, 1, NULL, '2020-07-31 11:25:29', '2020-07-31 12:32:46', 10, 15, 1),
(741, '2020-07-31', 0, 'mcr (produção)', 1205250.000, 1, NULL, '2020-07-31 11:26:33', '2020-07-31 13:30:02', 10, 15, 1),
(742, '2020-07-31', 300, 'Sost(produção )', 299000.000, 1, NULL, '2020-07-31 11:44:49', '2020-07-31 14:12:59', 10, 15, 1),
(743, '2020-08-03', 0, 'Qj finos (produção', NULL, 1, NULL, '2020-07-31 13:21:34', '2020-08-03 19:18:27', 10, 15, 1),
(744, '2020-08-03', 0, 'Pescamar', NULL, 1, 'não veio e não solicitou reagendamento.', '2020-07-31 13:25:33', '2020-08-03 19:19:57', 10, 15, 1),
(745, '2020-07-31', 250, 'Dengo (produção)', 195000.000, 1, NULL, '2020-07-31 13:45:41', '2020-07-31 14:12:48', 10, 15, 1),
(746, '2020-07-31', 0, 'BRF', NULL, 1, NULL, '2020-07-31 14:03:18', '2020-07-31 19:23:42', 10, 15, 1),
(747, '2020-07-31', 0, 'laticínio natal', NULL, 3, NULL, '2020-07-31 14:05:21', '2020-07-31 14:05:21', 10, 15, 1),
(749, '2020-08-03', 1, 'Dilma Maria', NULL, 3, NULL, '2020-07-31 17:29:48', '2020-07-31 17:29:48', 10, 15, 1),
(750, '2020-08-04', 0, 'tredici', NULL, 1, NULL, '2020-07-31 17:31:34', '2020-08-04 17:36:21', 10, 15, 1),
(751, '2020-08-03', 0, 'kibon', NULL, 1, NULL, '2020-07-31 17:34:31', '2020-08-03 13:16:52', 10, 15, 1),
(752, '2020-08-03', 0, 'master milk', NULL, 1, NULL, '2020-07-31 18:02:48', '2020-08-03 13:17:30', 10, 15, 1),
(753, '2020-08-03', 0, 'lactalis', NULL, 1, 'não veio e não solicitou reagendamento.', '2020-07-31 18:06:53', '2020-08-03 19:20:19', 10, 15, 1),
(754, '2020-08-04', 0, 'di mari', NULL, 2, 'não veio e não solicitou reagendamento.', '2020-07-31 18:13:54', '2020-08-04 18:22:11', 10, 15, 1),
(755, '2020-08-04', 37, 'General Mills', 9806.740, 1, 'Não entregue', '2020-07-31 18:16:15', '2020-08-04 17:45:29', 10, 15, 1),
(756, '2020-08-06', 1, 'Valfilm', NULL, 3, NULL, '2020-07-31 18:49:04', '2020-07-31 18:49:04', 10, 15, 1),
(757, '2020-08-14', 1, 'Valfilm', NULL, 1, 'foi entregue mercadoria', '2020-07-31 18:49:24', '2020-08-14 17:11:06', 10, 15, 1),
(758, '2020-08-04', 5, 'Planeta Natural', 2417.640, 1, 'Entregue', '2020-07-31 18:54:12', '2020-08-04 17:45:37', 10, 15, 1),
(759, '2020-08-12', 63, 'Macropac', 5255.000, 3, NULL, '2020-07-31 19:12:59', '2020-07-31 19:12:59', 10, 15, 1),
(760, '2020-08-06', 42, 'Hersheys', 9464.910, 3, NULL, '2020-07-31 19:19:52', '2020-08-05 18:37:36', 10, 15, 1),
(761, '2020-08-03', 1044, 'M&A PRODUÇÃO', 1846152.000, 1, NULL, '2020-08-03 12:28:23', '2020-08-03 13:21:36', 10, 15, 1),
(762, '2020-08-05', 170, 'Josapar', NULL, 3, NULL, '2020-08-03 13:38:03', '2020-08-03 13:38:03', 10, 15, 1),
(763, '2020-08-05', 3, 'Bacardi', 3005.390, 3, NULL, '2020-08-03 13:51:46', '2020-08-03 13:51:46', 10, 15, 1),
(764, '2020-08-03', 120, 'Dengo (produção)', 306.000, 1, NULL, '2020-08-03 14:09:41', '2020-08-03 18:27:00', 10, 15, 1),
(765, '2020-08-05', 0, 'Danone', NULL, 1, NULL, '2020-08-03 14:27:21', '2020-08-05 16:40:54', 10, 15, 1),
(766, '2020-08-05', 0, 'VIGOR', 0.000, 1, NULL, '2020-08-03 14:53:32', '2020-08-05 16:41:04', 10, 15, 1),
(767, '2020-08-05', 220, 'Excelencia', 61853.050, 3, NULL, '2020-08-03 16:44:09', '2020-08-03 16:44:09', 10, 15, 1),
(768, '2020-08-05', 14, 'Sobral Invicta', 1212.240, 3, NULL, '2020-08-03 16:51:32', '2020-08-03 16:51:32', 10, 15, 1),
(770, '2020-08-05', 43, 'Beam Santory', 13083.850, 3, NULL, '2020-08-03 17:08:46', '2020-08-03 17:08:46', 10, 15, 1),
(771, '2020-08-05', 159, 'Tia Sonia', 24243.590, 3, NULL, '2020-08-03 17:11:42', '2020-08-03 17:11:42', 10, 15, 1),
(772, '2020-08-03', 0, 'magui(produção)', NULL, 1, NULL, '2020-08-03 18:08:54', '2020-08-03 18:27:24', 10, 15, 1),
(773, '2020-08-03', 0, 'laticínio natal', 266682.000, 1, NULL, '2020-08-03 18:09:19', '2020-08-03 19:18:00', 10, 15, 1),
(774, '2020-08-03', 40, 'tapera (produção)', NULL, 1, NULL, '2020-08-03 18:26:19', '2020-08-03 18:27:13', 10, 15, 1),
(775, '2020-08-04', 0, 'santa paleta', 0.000, 1, NULL, '2020-08-03 19:10:18', '2020-08-04 17:36:33', 10, 15, 1),
(776, '2020-08-06', 0, 'lactaris', 0.000, 2, 'solicitou reagendamento .', '2020-08-04 10:58:58', '2020-08-06 18:00:54', 10, 15, 1),
(777, '2020-08-13', 385, 'COPOBRAS', NULL, 3, NULL, '2020-08-04 11:00:01', '2020-08-04 11:00:01', 10, 15, 1),
(778, '2020-08-04', 30, 'BONANZA(PRODUÇÃO)', 75000.000, 1, NULL, '2020-08-04 12:38:52', '2020-08-04 17:36:44', 10, 15, 1),
(779, '2020-08-04', 0, 'D.E ENVASE', NULL, 2, 'nota devolvida os produtos estava congelado (temperatura inadequada para recebimento )', '2020-08-04 13:02:59', '2020-08-04 18:23:41', 10, 15, 1),
(781, '2020-08-13', 97, 'Ridouro', 111372.980, 1, NULL, '2020-08-04 13:45:12', '2020-08-17 19:52:16', 10, 15, 1),
(782, '2020-08-05', 0, 'BRF', NULL, 1, NULL, '2020-08-04 13:51:49', '2020-08-05 16:41:17', 10, 15, 1),
(783, '2020-08-05', 0, 'DPA NESTLE', NULL, 1, NULL, '2020-08-04 13:55:18', '2020-08-05 16:41:27', 10, 15, 1),
(784, '2020-08-04', 153, 'polenghi (produção)', 1433319.000, 1, NULL, '2020-08-04 15:31:38', '2020-08-04 17:38:27', 10, 15, 1),
(785, '2020-08-04', 15, 'tirolez (produção)', 10.274, 1, NULL, '2020-08-04 15:32:18', '2020-08-04 17:38:53', 10, 15, 1),
(786, '2020-08-04', 12, 'tirolez(produção)', 564.320, 1, NULL, '2020-08-04 15:33:26', '2020-08-04 17:39:02', 10, 15, 1),
(787, '2020-08-04', 12, 'tirolez (produção)', 551.340, 1, NULL, '2020-08-04 15:34:35', '2020-08-04 17:39:15', 10, 15, 1),
(788, '2020-08-04', 62, 'All food', 14.796, 1, NULL, '2020-08-04 15:35:33', '2020-08-04 17:39:29', 10, 15, 1),
(789, '2020-08-04', 22, 'Atilatte', 1.174, 1, NULL, '2020-08-04 15:36:09', '2020-08-04 17:39:39', 10, 15, 1),
(790, '2020-08-04', 21, 'Yema(bora)', 7.168, 1, NULL, '2020-08-04 15:37:03', '2020-08-04 17:39:50', 10, 15, 1),
(791, '2020-08-04', 24, 'calimp(bora)', 4.148, 1, NULL, '2020-08-04 15:37:51', '2020-08-04 18:21:42', 10, 15, 1),
(792, '2020-08-04', 54, 'polenghi(bora)', 10.103, 1, NULL, '2020-08-04 15:38:31', '2020-08-04 17:40:00', 10, 15, 1),
(793, '2020-08-04', 2, 'Tirolez (bora)', 639.600, 1, NULL, '2020-08-04 15:39:08', '2020-08-04 17:40:11', 10, 15, 1),
(794, '2020-08-04', 120, 'Tirolez (bora)', 19.557, 1, NULL, '2020-08-04 15:39:46', '2020-08-04 17:40:23', 10, 15, 1),
(795, '2020-08-04', 35, 'Tirolez (bora)', 5.044, 1, NULL, '2020-08-04 15:40:20', '2020-08-04 17:40:36', 10, 15, 1),
(796, '2020-08-04', 34, 'nova mix(bora)', 11.321, 1, NULL, '2020-08-04 15:43:02', '2020-08-04 18:20:21', 10, 15, 1),
(797, '2020-08-04', 28, 'nova mix', 5.881, 1, NULL, '2020-08-04 15:43:34', '2020-08-04 18:21:56', 10, 15, 1),
(798, '2020-08-04', 30, 'nova mix(bora)', 8.998, 1, NULL, '2020-08-04 15:44:19', '2020-08-04 18:20:32', 10, 15, 1),
(799, '2020-08-04', 10, 'bom sabor (produção)', 400.000, 1, NULL, '2020-08-04 17:42:18', '2020-08-04 18:20:42', 10, 15, 1),
(800, '2020-08-04', 45, 'BRASFRUT (REFEITORIO)', 919.080, 1, NULL, '2020-08-04 18:27:36', '2020-08-04 18:28:10', 10, 15, 1),
(801, '2020-08-06', 0, 'trevo', 0.000, 1, NULL, '2020-08-05 10:17:28', '2020-08-06 17:22:32', 10, 15, 1),
(802, '2020-08-07', 0, 'gran mestre', 0.000, 1, NULL, '2020-08-05 10:20:32', '2020-08-07 16:20:41', 10, 15, 1),
(803, '2020-08-07', 0, 'germania', 0.000, 1, NULL, '2020-08-05 10:20:45', '2020-08-07 14:22:39', 10, 15, 1),
(804, '2020-08-07', 0, 'catupiry', 0.000, 1, NULL, '2020-08-05 10:21:02', '2020-08-07 16:20:59', 10, 15, 1),
(805, '2020-08-05', 195, 'M&A PRODUÇÃO', 2.542, 1, NULL, '2020-08-05 10:50:33', '2020-08-05 18:11:36', 10, 15, 1),
(806, '2020-08-05', 0, 'BORA', NULL, 3, NULL, '2020-08-05 13:05:27', '2020-08-05 13:05:27', 10, 15, 1),
(807, '2020-08-05', 100, 'Moinho(produção)', 14.200, 1, NULL, '2020-08-05 14:16:10', '2020-08-05 16:41:39', 10, 15, 1),
(808, '2020-08-05', 120, 'Dengo (produção)', 306.000, 1, NULL, '2020-08-05 14:16:29', '2020-08-05 16:41:49', 10, 15, 1),
(809, '2020-08-10', 0, 'canaã(refeitorio)', 0.000, 1, NULL, '2020-08-05 16:33:12', '2020-08-10 15:52:43', 10, 15, 1),
(810, '2020-08-06', 30, 'Terreiro Bahia', NULL, 3, NULL, '2020-08-05 17:14:20', '2020-08-05 17:14:20', 10, 15, 1),
(811, '2020-08-06', 33, 'Bento Nordeste (Plasutil industria)', 4009.910, 3, NULL, '2020-08-05 17:17:41', '2020-08-05 17:17:41', 10, 15, 1),
(812, '2020-08-06', 100, 'MDIAS', NULL, 3, NULL, '2020-08-05 17:20:41', '2020-08-05 17:20:41', 10, 15, 1),
(813, '2020-08-05', 0, 'mcr(produção)', 15.509, 1, NULL, '2020-08-05 17:42:20', '2020-08-05 17:42:51', 10, 15, 1),
(814, '2020-08-10', 173, 'GENERAL Mills  Yoki', 11570.170, 3, NULL, '2020-08-05 17:48:30', '2020-08-11 14:34:36', 10, 15, 1),
(815, '2020-08-10', 173, 'GENERAL Mills (Yoki)', 11570.170, 2, NULL, '2020-08-05 17:48:30', '2020-08-06 16:46:31', 10, 15, 1),
(816, '2020-08-06', 91, 'Planeta Cacau', NULL, 3, NULL, '2020-08-05 17:51:28', '2020-08-05 17:51:28', 10, 15, 1),
(817, '2020-08-18', 336, 'Real Comercial', NULL, 3, NULL, '2020-08-05 17:55:02', '2020-08-05 17:55:02', 10, 15, 1),
(818, '2020-08-07', 14, 'Fabri', 2872.180, 3, NULL, '2020-08-05 18:00:39', '2020-08-06 17:01:40', 10, 15, 1),
(819, '2020-08-07', 0, 'jbs', 0.000, 1, NULL, '2020-08-06 10:23:03', '2020-08-07 16:21:09', 10, 15, 1),
(820, '2020-08-12', 30, 'MENEZES & RANGEL', 0.000, 1, NULL, '2020-08-06 16:23:55', '2020-08-17 19:58:58', 10, 15, 1),
(821, '2020-08-14', 106, 'LINEA', 0.000, 1, 'foi entregue mercadoria', '2020-08-06 16:28:36', '2020-08-14 17:11:20', 10, 15, 1),
(822, '2020-08-13', 33, 'plasutil', 0.000, 1, NULL, '2020-08-06 16:34:10', '2020-08-17 19:55:05', 10, 15, 1),
(823, '2020-08-07', 56, 'Hiperfoods', 0.000, 3, NULL, '2020-08-06 16:37:02', '2020-08-06 16:37:02', 10, 15, 1),
(824, '2020-08-07', 56, 'HIPER HOLDING', 0.000, 3, NULL, '2020-08-06 16:39:01', '2020-08-06 16:39:01', 10, 15, 1),
(825, '2020-08-10', 20, 'BR SPICES', 0.000, 3, NULL, '2020-08-06 16:49:31', '2020-08-06 16:49:31', 10, 15, 1),
(826, '2020-08-07', 53, 'BROWN FORMAN', 0.000, 3, NULL, '2020-08-06 16:52:35', '2020-08-06 16:52:35', 10, 15, 1),
(827, '2020-08-07', 0, 'Massa crocante(pizza dimari)', 916.200, 1, NULL, '2020-08-06 17:12:52', '2020-08-07 17:57:11', 10, 15, 1),
(828, '2020-08-19', 14, 'invicta', 0.000, 1, NULL, '2020-08-06 17:14:08', '2020-08-19 18:13:26', 10, 15, 1),
(830, '2020-08-07', 0, 'Dengo', 1.189, 1, NULL, '2020-08-06 17:14:45', '2020-08-07 16:21:19', 10, 15, 1),
(831, '2020-08-06', 36, 'Prieto', 4.404, 1, NULL, '2020-08-06 17:15:42', '2020-08-06 17:22:42', 10, 15, 1),
(832, '2020-08-06', 38, 'Lacfree', 3.109, 1, NULL, '2020-08-06 17:16:32', '2020-08-06 17:22:58', 10, 15, 1),
(833, '2020-08-06', 10, 'RICEX(BORA)', 10.223, 1, NULL, '2020-08-06 17:17:45', '2020-08-06 17:23:08', 10, 15, 1),
(834, '2020-08-06', 98, 'OMAMORI(CERATTI)', 29.270, 1, NULL, '2020-08-06 17:18:28', '2020-08-06 17:23:17', 10, 15, 1),
(835, '2020-08-06', 54, 'SAO VICENTE', 7.888, 1, NULL, '2020-08-06 17:18:58', '2020-08-06 17:23:27', 10, 15, 1),
(836, '2020-08-06', 28, 'I DON(YORGUS)', 1.614, 1, NULL, '2020-08-06 17:19:38', '2020-08-06 17:23:50', 10, 15, 1),
(837, '2020-08-06', 29, 'Yema (BORA)', 10.427, 1, NULL, '2020-08-06 17:20:39', '2020-08-06 17:24:00', 10, 15, 1),
(838, '2020-08-06', 0, 'D.E ENVASE', NULL, 1, NULL, '2020-08-06 17:41:01', '2020-08-06 17:41:18', 10, 15, 1),
(839, '2020-08-06', 37, 'Canaa(produção)', 6.959, 1, NULL, '2020-08-06 17:49:38', '2020-08-06 18:12:24', 10, 15, 1),
(840, '2020-08-07', 0, 'lactalis', NULL, 1, NULL, '2020-08-06 17:59:42', '2020-08-07 11:27:11', 10, 15, 1),
(841, '2020-08-07', 0, 'BRF', NULL, 1, NULL, '2020-08-07 11:26:45', '2020-08-07 16:22:27', 10, 15, 1),
(842, '2020-08-07', 234, 'FERMENTAO(PRODUÇÃO)', 2.517, 1, NULL, '2020-08-07 11:28:03', '2020-08-07 16:21:40', 10, 15, 1),
(843, '2020-08-07', 294, 'ecofibras emb (produção)', 1.623, 1, NULL, '2020-08-07 14:23:37', '2020-08-07 16:21:50', 10, 15, 1),
(844, '2020-08-07', 360, 'SILVACOSTA (SORVETE)', 29.700, 1, NULL, '2020-08-07 16:24:41', '2020-08-07 16:25:03', 10, 15, 1),
(845, '2020-08-10', 0, 'Brasfrut', NULL, 2, 'não veio e não solicitou reagendamento.', '2020-08-07 16:31:09', '2020-08-10 18:01:30', 10, 15, 1),
(846, '2020-08-10', 0, 'master milk', NULL, 1, NULL, '2020-08-07 16:36:11', '2020-08-10 15:52:53', 10, 15, 1),
(847, '2020-08-10', 88, 'BRINOX / TRAMONTINA', 0.000, 3, NULL, '2020-08-07 16:46:05', '2020-08-07 16:48:48', 10, 15, 1),
(848, '2020-08-10', 88, 'BRINOX TRAMONTINA', 0.000, 3, NULL, '2020-08-07 16:46:05', '2020-08-07 16:46:05', 10, 15, 1),
(849, '2020-08-10', 500, 'AMBEV', 0.000, 3, NULL, '2020-08-07 16:50:33', '2020-08-07 16:50:33', 10, 15, 1),
(850, '2020-08-11', 52, 'latitude 13', 0.000, 1, NULL, '2020-08-07 16:52:18', '2020-08-17 19:58:29', 10, 15, 1),
(851, '2020-08-12', 14, 'BRINOX', 0.000, 1, NULL, '2020-08-07 16:59:27', '2020-08-17 19:54:41', 10, 15, 1),
(852, '2020-08-07', 0, 'fazenda tapera(produção)', NULL, 1, NULL, '2020-08-07 17:03:03', '2020-08-07 17:56:44', 10, 15, 1),
(853, '2020-08-10', 0, 'yakult', 0.000, 1, NULL, '2020-08-07 17:47:17', '2020-08-10 15:53:03', 10, 15, 1),
(854, '2020-08-10', 0, 'mundo doce', NULL, 1, NULL, '2020-08-07 17:54:06', '2020-08-10 16:56:20', 10, 15, 1),
(855, '2020-08-18', 560, 'DIAGEO', 0.000, 3, NULL, '2020-08-07 18:44:13', '2020-08-10 18:40:16', 10, 15, 1),
(856, '2020-08-14', 4, 'Levechá MSR', 0.000, 1, NULL, '2020-08-07 18:50:54', '2020-08-14 17:11:30', 10, 15, 1),
(857, '2020-08-10', 119, 'MITTO BRASIL', 0.000, 3, NULL, '2020-08-07 18:55:20', '2020-08-07 18:55:20', 10, 15, 1),
(858, '2020-08-12', 0, 'Da vaca', NULL, 1, NULL, '2020-08-10 10:27:37', '2020-08-12 17:51:19', 10, 15, 1),
(859, '2020-08-12', 0, 'Lactalis', 0.000, 1, NULL, '2020-08-10 11:43:54', '2020-08-12 17:51:28', 10, 15, 1),
(860, '2020-08-10', 363, 'mcr(produção)', 2.650, 1, NULL, '2020-08-10 11:49:44', '2020-08-10 15:53:12', 10, 15, 1),
(861, '2020-08-12', 4, 'SCHAR', 0.000, 1, NULL, '2020-08-10 11:53:25', '2020-08-17 19:59:46', 10, 15, 1),
(862, '2020-08-12', 81, 'PIC ME', 0.000, 1, NULL, '2020-08-10 11:55:53', '2020-08-17 20:00:26', 10, 15, 1),
(863, '2020-08-18', 8, 'Hersheys', 0.000, 3, NULL, '2020-08-10 12:03:03', '2020-08-10 12:33:37', 10, 15, 1),
(864, '2020-08-11', 48, 'MONAMA', 0.000, 1, NULL, '2020-08-10 12:06:24', '2020-08-17 20:01:47', 10, 15, 1),
(865, '2020-08-11', 38, 'pizzato', 0.000, 3, NULL, '2020-08-10 12:08:32', '2020-08-10 12:08:32', 10, 15, 1),
(866, '2020-08-11', 400, 'COCA COLA', 0.000, 3, NULL, '2020-08-10 12:08:51', '2020-08-10 12:08:51', 10, 15, 1),
(867, '2020-08-13', 44, 'AURORA', 0.000, 1, NULL, '2020-08-10 12:13:13', '2020-08-17 19:55:36', 10, 15, 1),
(868, '2020-08-11', 0, 'frederici', 0.000, 1, NULL, '2020-08-10 12:14:41', '2020-08-11 17:28:26', 10, 15, 1),
(869, '2020-08-03', 17, 'EFX/ GOLD+KO/ RODIN', 0.000, 3, NULL, '2020-08-10 12:21:03', '2020-08-10 12:21:03', 10, 15, 1),
(870, '2020-08-13', 18, 'EFX/ GOLD KO/ RODIN', 0.000, 1, NULL, '2020-08-10 12:22:25', '2020-08-17 19:56:02', 10, 15, 1),
(871, '2020-08-14', 4, 'CCRR', 0.000, 1, NULL, '2020-08-10 12:26:36', '2020-08-14 17:11:42', 10, 15, 1),
(872, '2020-08-14', 50, 'JDE', 0.000, 1, NULL, '2020-08-10 12:36:55', '2020-08-17 19:51:31', 10, 15, 1),
(873, '2020-08-17', 185, 'MELHORAMENTOS', 0.000, 3, NULL, '2020-08-10 12:39:42', '2020-08-10 12:39:42', 10, 15, 1),
(874, '2020-08-12', 0, 'kibon', NULL, 1, NULL, '2020-08-10 12:48:59', '2020-08-12 18:11:03', 10, 15, 1),
(875, '2020-08-12', 0, 'Danone', NULL, 1, NULL, '2020-08-10 12:52:19', '2020-08-12 17:51:40', 10, 15, 1),
(876, '2020-08-04', 28, 'ETILUX', 0.000, 3, NULL, '2020-08-10 12:59:17', '2020-08-10 12:59:17', 10, 15, 1),
(877, '2020-08-21', 28, 'ETILUX', 0.000, 2, 'NÃO COMPARECEU', '2020-08-10 13:00:22', '2020-08-21 14:25:08', 10, 15, 1),
(878, '2020-08-10', 24, 'higtop (produção)', 324.000, 1, NULL, '2020-08-10 17:14:01', '2020-08-10 17:15:01', 10, 15, 1),
(879, '2020-08-11', 325, 'INTERFOOD', 0.000, 3, NULL, '2020-08-10 18:42:01', '2020-08-10 18:42:01', 10, 15, 1),
(880, '2020-08-18', 200, 'plastilania', 0.000, 3, NULL, '2020-08-10 18:44:09', '2020-08-10 18:44:09', 10, 15, 1),
(881, '2020-08-14', 7, '3 CORAÇOES', 0.000, 1, NULL, '2020-08-10 18:46:41', '2020-08-14 17:12:25', 10, 15, 1),
(882, '2020-08-18', 592, 'NESTLE', 0.000, 1, NULL, '2020-08-10 18:49:25', '2020-08-17 19:56:45', 10, 15, 1),
(883, '2020-08-11', 300, 'KICALDO', 0.000, 3, NULL, '2020-08-10 18:51:46', '2020-08-10 18:51:46', 10, 15, 1),
(884, '2020-08-12', 0, 'laticínio trevo', NULL, 1, NULL, '2020-08-11 10:19:18', '2020-08-12 17:51:56', 10, 15, 1),
(885, '2020-08-12', 0, 'trevo', 0.000, 1, NULL, '2020-08-11 10:40:04', '2020-08-12 18:21:43', 10, 15, 1),
(886, '2020-08-13', 0, 'BRASCOD', NULL, 1, NULL, '2020-08-11 12:29:08', '2020-08-13 17:00:43', 10, 15, 1),
(887, '2020-08-11', 131, 'D.E ENVASE', 626.000, 1, NULL, '2020-08-11 16:08:53', '2020-08-11 16:38:10', 10, 15, 1),
(888, '2020-08-11', 18, 'ESPABRA (BORA)', 7.914, 1, NULL, '2020-08-11 16:09:47', '2020-08-11 16:38:19', 10, 15, 1),
(889, '2020-08-11', 9, 'POLENGHI', 1.266, 1, NULL, '2020-08-11 16:11:18', '2020-08-11 16:38:28', 10, 15, 1),
(890, '2020-08-11', 24, 'KORIN (BORA)', 4.532, 1, NULL, '2020-08-11 16:13:02', '2020-08-11 16:38:36', 10, 15, 1),
(891, '2020-08-11', 79, 'Tirolez (bora)', 12.359, 1, NULL, '2020-08-11 16:13:32', '2020-08-11 16:38:45', 10, 15, 1),
(892, '2020-08-11', 2, 'NOVA MIX(BORA)', 1.279, 1, NULL, '2020-08-11 16:14:17', '2020-08-11 16:38:54', 10, 15, 1),
(893, '2020-08-11', 0, 'BRASSOL(BORA)', 9.460, 1, NULL, '2020-08-11 16:15:57', '2020-08-11 16:39:04', 10, 15, 1),
(894, '2020-08-11', 35, 'NOVA MIX (BORA)', 11.986, 1, NULL, '2020-08-11 16:16:57', '2020-08-11 17:28:56', 10, 15, 1),
(895, '2020-08-11', 88, 'HOLAMBELO', 2280.500, 1, NULL, '2020-08-11 16:24:38', '2020-08-11 16:39:14', 10, 15, 1),
(896, '2020-08-13', 0, 'SAUDALI', NULL, 1, NULL, '2020-08-11 16:54:08', '2020-08-13 17:00:53', 10, 15, 1),
(897, '2020-08-13', 0, 'Fundação José carvalho', NULL, 1, NULL, '2020-08-11 16:54:23', '2020-08-13 17:01:02', 10, 15, 1),
(898, '2020-08-13', 0, 'LA GERI', NULL, 1, NULL, '2020-08-11 17:00:12', '2020-08-13 17:01:13', 10, 15, 1),
(899, '2020-08-13', 0, 'Mezzani', NULL, 1, NULL, '2020-08-11 17:51:59', '2020-08-13 17:01:22', 10, 15, 1),
(900, '2020-08-13', 3, 'TRAMONTINA', 0.000, 1, NULL, '2020-08-12 11:05:43', '2020-08-17 19:57:14', 10, 15, 1),
(901, '2020-08-18', 30, 'INVICTA', 0.000, 3, NULL, '2020-08-12 11:08:54', '2020-08-12 11:08:54', 10, 15, 1),
(902, '2020-08-13', 80, 'PEPSICO', 0.000, 3, NULL, '2020-08-12 11:10:26', '2020-08-12 11:10:26', 10, 15, 1),
(903, '2020-08-12', 125, 'BRF(PRODUÇÃO)', 16.741, 1, NULL, '2020-08-12 11:57:11', '2020-08-12 17:52:07', 10, 15, 1),
(904, '2020-08-12', 4, 'BRF(PRODUÇÃO)', 711.770, 1, NULL, '2020-08-12 11:58:55', '2020-08-12 17:52:19', 10, 15, 1),
(905, '2020-08-12', 0, 'mcr(produção)', 4.014, 1, NULL, '2020-08-12 12:33:12', '2020-08-12 17:52:31', 10, 15, 1),
(906, '2020-08-12', 30, 'FERMENTAO(PRODUÇÃO)', 3.523, 1, NULL, '2020-08-12 13:56:37', '2020-08-12 17:52:44', 10, 15, 1),
(907, '2020-08-13', 90, 'CARBALLO  FARO', 0.000, 1, NULL, '2020-08-12 16:17:01', '2020-08-17 20:00:52', 10, 15, 1),
(908, '2020-08-17', 0, 'canãa', NULL, 1, NULL, '2020-08-12 16:57:28', '2020-08-17 18:26:09', 10, 15, 1),
(909, '2020-08-14', 0, 'yakult', NULL, 1, NULL, '2020-08-12 17:07:30', '2020-08-14 18:48:57', 10, 15, 1),
(910, '2020-08-13', 0, 'BORA', NULL, 1, NULL, '2020-08-12 17:10:31', '2020-08-13 17:01:32', 10, 15, 1),
(911, '2020-08-14', 0, 'valença da bahia maricultura', NULL, 1, NULL, '2020-08-12 18:05:34', '2020-08-14 18:49:14', 10, 15, 1),
(912, '2020-08-13', 0, 'JBS', NULL, 1, NULL, '2020-08-12 18:08:05', '2020-08-13 17:01:42', 10, 15, 1),
(913, '2020-08-14', 0, 'Vigor', 0.000, 1, NULL, '2020-08-12 18:13:43', '2020-08-14 18:49:23', 10, 15, 1),
(914, '2020-08-12', 0, 'BRF', NULL, 1, NULL, '2020-08-12 18:25:26', '2020-08-12 18:26:19', 10, 15, 1),
(915, '2020-08-14', 1, 'PURIVERD', 0.000, 1, NULL, '2020-08-13 10:52:35', '2020-08-14 17:12:35', 10, 15, 1),
(916, '2020-08-14', 300, 'HNK', 0.000, 2, 'NÃO COMPARECEU', '2020-08-13 10:54:18', '2020-08-14 17:12:45', 10, 15, 1),
(917, '2020-08-17', 95, 'GARIBALDI', 0.000, 1, NULL, '2020-08-13 10:59:35', '2020-08-17 17:47:54', 10, 15, 1),
(918, '2020-08-28', 25, 'LATINEX', 0.000, 3, NULL, '2020-08-13 12:08:07', '2020-08-13 12:08:07', 10, 15, 1),
(919, '2020-08-14', 0, 'Palmeira laticínio', NULL, 1, NULL, '2020-08-13 12:09:14', '2020-08-14 18:49:31', 10, 15, 1),
(920, '2020-08-13', 2, 'Atilatte (bora)', 300.000, 1, NULL, '2020-08-13 13:40:04', '2020-08-13 17:01:53', 10, 15, 1),
(925, '2020-08-13', 65, 'D.E ENVASE', 318.500, 1, NULL, '2020-08-13 13:41:34', '2020-08-13 17:02:19', 10, 15, 1),
(926, '2020-08-13', 23, 'Atilatte (bora)', 1.365, 1, NULL, '2020-08-13 13:43:09', '2020-08-13 17:05:14', 10, 15, 1),
(929, '2020-08-13', 40, 'nova mix (bora)', 14.357, 1, NULL, '2020-08-13 14:39:40', '2020-08-13 17:02:40', 10, 15, 1),
(931, '2020-08-13', 8, 'korin(bora)', 5.432, 1, NULL, '2020-08-13 14:40:17', '2020-08-13 17:02:56', 10, 15, 1),
(932, '2020-08-13', 169, 'polenghi (produção)', 4.403, 1, NULL, '2020-08-13 14:40:50', '2020-08-13 17:03:10', 10, 15, 1),
(933, '2020-08-13', 0, 'verde campo(bora)', 2.516, 1, NULL, '2020-08-13 14:44:01', '2020-08-13 17:03:42', 10, 15, 1),
(935, '2020-08-13', 16, 'nacon (bora)', 4.963, 1, NULL, '2020-08-13 14:45:52', '2020-08-13 17:03:53', 10, 15, 1),
(936, '2020-08-13', 30, 'Tirolez (bora)', 5.228, 1, NULL, '2020-08-13 14:46:41', '2020-08-13 17:04:03', 10, 15, 1),
(938, '2020-08-13', 41, 'Tirolez (bora)', 8.665, 1, NULL, '2020-08-13 14:47:28', '2020-08-13 17:04:13', 10, 15, 1),
(941, '2020-08-13', 35, 'laticino sao joao', 6.099, 1, NULL, '2020-08-13 14:48:17', '2020-08-13 17:04:25', 10, 15, 1),
(942, '2020-08-17', 41, 'FUGINI', 0.000, 1, NULL, '2020-08-13 16:02:34', '2020-08-17 17:48:02', 10, 15, 1),
(943, '2020-08-17', 200, 'AMBEV', 0.000, 1, NULL, '2020-08-13 16:02:55', '2020-08-17 17:48:10', 10, 15, 1),
(944, '2020-08-17', 17, 'DUCOCO', 0.000, 1, NULL, '2020-08-13 16:31:43', '2020-08-17 17:48:17', 10, 15, 1),
(945, '2020-08-17', 44, 'INTERFOOD/Tanaka Picinini', 0.000, 1, NULL, '2020-08-13 16:33:43', '2020-08-17 17:48:26', 10, 15, 1),
(946, '2020-08-14', 0, 'DPA', NULL, 1, NULL, '2020-08-13 16:49:06', '2020-08-14 18:49:40', 10, 15, 1),
(947, '2020-08-14', 0, 'Laticinio Natal', NULL, 1, NULL, '2020-08-13 16:52:21', '2020-08-14 18:49:50', 10, 15, 1),
(948, '2020-08-17', 6, 'BANANINHAS PARAIBUNA', 0.000, 1, NULL, '2020-08-13 16:58:38', '2020-08-17 17:48:35', 10, 15, 1),
(949, '2020-08-14', 105, 'J MACEDO', 0.000, 1, NULL, '2020-08-13 17:01:07', '2020-08-14 17:12:57', 10, 15, 1),
(951, '2020-08-14', 9, 'CHOR COM CEBOLA', 0.000, 1, NULL, '2020-08-13 17:02:54', '2020-08-14 17:13:08', 10, 15, 1),
(953, '2020-08-17', 61, 'HUE', 0.000, 3, NULL, '2020-08-13 17:37:50', '2020-08-13 17:37:50', 10, 15, 1),
(954, '2020-08-18', 150, 'JOSAPAR', 0.000, 3, NULL, '2020-08-13 17:39:09', '2020-08-13 17:39:09', 10, 15, 1),
(956, '2020-08-17', 50, 'BIO ALIMENTOS', 0.000, 1, NULL, '2020-08-13 17:55:25', '2020-08-17 17:48:44', 10, 15, 1),
(957, '2020-08-17', 10, 'forno de minas', 1081.090, 1, NULL, '2020-08-14 09:47:43', '2020-08-17 18:26:18', 10, 15, 1),
(959, '2020-08-14', 100, 'Dengo (produção)', 1790.000, 1, NULL, '2020-08-14 12:03:43', '2020-08-14 18:49:59', 10, 15, 1),
(960, '2020-08-18', 50, 'MAGRELA', 0.000, 3, NULL, '2020-08-14 17:23:45', '2020-08-14 17:25:14', 10, 15, 1),
(961, '2020-08-18', 76, 'casa suiça / fumacense', 0.000, 3, NULL, '2020-08-14 17:28:26', '2020-08-14 17:28:26', 10, 15, 1),
(962, '2020-08-20', 100, 'MODELEZ', 0.000, 3, NULL, '2020-08-14 17:31:13', '2020-08-14 17:31:13', 10, 15, 1),
(963, '2020-08-18', 18, 'PEPSICO', 0.000, 1, NULL, '2020-08-14 17:35:49', '2020-08-17 19:51:04', 10, 15, 1);
INSERT INTO `agendar` (`id`, `data`, `volume_carga`, `fornecedor`, `valor_nota`, `status`, `observacao`, `created_at`, `updated_at`, `id_users`, `id_loja`, `id_area`) VALUES
(964, '2020-08-18', 9, 'flor nativa', 0.000, 3, NULL, '2020-08-14 17:45:50', '2020-08-14 17:45:50', 10, 15, 1),
(965, '2020-08-17', 0, 'vigor', NULL, 1, NULL, '2020-08-14 18:28:16', '2020-08-17 18:26:33', 10, 15, 1),
(966, '2020-08-14', 0, 'D.E ENVASE', NULL, 1, NULL, '2020-08-14 18:40:13', '2020-08-14 18:50:09', 10, 15, 1),
(967, '2020-08-14', 100, 'Sost(produção )', 3.692, 1, NULL, '2020-08-14 18:40:48', '2020-08-14 18:50:20', 10, 15, 1),
(968, '2020-08-14', 100, 'Dengo (produção)', 1790.000, 1, NULL, '2020-08-14 18:41:13', '2020-08-14 18:50:29', 10, 15, 1),
(970, '2020-08-19', 0, 'Lactalis', 0.000, 1, NULL, '2020-08-17 11:44:37', '2020-08-19 18:52:49', 10, 15, 1),
(971, '2020-08-18', 0, 'beiju goma', 0.000, 1, NULL, '2020-08-17 11:47:10', '2020-08-18 18:20:50', 10, 15, 1),
(972, '2020-08-18', 0, 'pizza di mari', NULL, 1, NULL, '2020-08-17 17:01:27', '2020-08-18 18:31:08', 10, 15, 1),
(973, '2020-08-19', 0, 'BONI', NULL, 2, 'não aguardou para o recebimento e solicitou reagendamento', '2020-08-17 17:03:21', '2020-08-19 19:02:36', 10, 15, 1),
(974, '2020-08-19', 0, 'Danone', NULL, 1, NULL, '2020-08-17 17:04:59', '2020-08-19 18:53:09', 10, 15, 1),
(975, '2020-08-18', 1, 'DI MARI', 0.000, 3, NULL, '2020-08-17 17:46:01', '2020-08-17 17:46:01', 10, 15, 1),
(976, '2020-08-19', 199, 'CANTU', 0.000, 3, NULL, '2020-08-17 17:53:48', '2020-08-17 17:53:48', 10, 15, 1),
(977, '2020-08-19', 180, 'ITAMBE', 0.000, 1, NULL, '2020-08-17 17:55:34', '2020-08-19 18:13:08', 10, 15, 1),
(978, '2020-08-20', 48, 'CAMIL', 0.000, 3, NULL, '2020-08-17 17:57:51', '2020-08-17 17:57:51', 10, 15, 1),
(979, '2020-08-19', 176, '3CORAÇOES', 0.000, 1, NULL, '2020-08-17 18:00:53', '2020-08-19 18:13:02', 10, 15, 1),
(980, '2020-08-31', 38, 'LERGUME ALIMENTOS', 0.000, 3, NULL, '2020-08-17 18:02:58', '2020-08-17 18:02:58', 10, 15, 1),
(981, '2020-08-19', 87, 'Comercial Temehiko/Barrinhas', 0.000, 1, NULL, '2020-08-17 18:06:10', '2020-08-19 18:13:38', 10, 15, 1),
(982, '2020-08-17', 0, 'mcr(produção)', 14.252, 1, NULL, '2020-08-17 18:27:06', '2020-08-17 18:27:23', 10, 15, 1),
(983, '2020-08-17', 0, 'BRF', NULL, 2, 'não veio e não solicitou reagendamento.', '2020-08-17 18:32:23', '2020-08-17 18:35:08', 10, 15, 1),
(984, '2020-08-21', 300, 'HNK', 0.000, 1, NULL, '2020-08-17 18:34:35', '2020-08-21 14:23:15', 10, 15, 1),
(985, '2020-08-19', 0, 'litoral norte', NULL, 1, NULL, '2020-08-18 10:45:43', '2020-08-19 19:00:54', 10, 15, 1),
(986, '2020-08-19', 228, 'GDC ALIMENTOS', 0.000, 3, NULL, '2020-08-18 11:15:54', '2020-08-18 11:15:54', 10, 15, 1),
(987, '2020-08-18', 20, 'BONANZA(PRODUÇÃO)', 500.000, 1, NULL, '2020-08-18 11:29:16', '2020-08-18 18:28:07', 10, 15, 1),
(988, '2020-08-18', 840, 'M&A PRODUÇÃO', 17.047, 1, NULL, '2020-08-18 11:29:57', '2020-08-18 18:28:16', 10, 15, 1),
(989, '2020-08-18', 106, 'D.E ENVASE', 497.500, 1, NULL, '2020-08-18 12:12:03', '2020-08-18 18:28:24', 10, 15, 1),
(990, '2020-08-18', 53, 'MELHOR ALIMENTOS', 1.618, 1, NULL, '2020-08-18 12:20:16', '2020-08-18 18:28:35', 10, 15, 1),
(991, '2020-08-18', 15, 'raquel maria(pamonha)', 405.000, 1, NULL, '2020-08-18 12:30:22', '2020-08-18 18:28:44', 10, 15, 1),
(992, '2020-08-31', 200, 'ÂNGELA MARIA', 0.000, 3, NULL, '2020-08-18 14:13:28', '2020-08-18 14:13:28', 10, 15, 1),
(993, '2020-08-20', 39, 'LATINEX', 0.000, 3, NULL, '2020-08-18 14:15:04', '2020-08-18 14:15:04', 10, 15, 1),
(994, '2020-08-20', 0, 'vigor', NULL, 1, NULL, '2020-08-18 17:40:15', '2020-08-20 15:01:15', 10, 15, 1),
(995, '2020-08-19', 0, 'mundo doce', NULL, 1, NULL, '2020-08-18 17:43:01', '2020-08-19 18:53:25', 10, 15, 1),
(996, '2020-08-18', 46, 'bfs (produção)', 4.119, 1, NULL, '2020-08-18 18:20:29', '2020-08-18 18:28:52', 10, 15, 1),
(997, '2020-08-18', 35, 'zinho alimentos (bora)', 3.566, 1, NULL, '2020-08-18 18:22:18', '2020-08-18 18:29:02', 10, 15, 1),
(998, '2020-08-18', 30, 'yema(bora)', 10.406, 1, NULL, '2020-08-18 18:22:53', '2020-08-18 18:29:12', 10, 15, 1),
(999, '2020-08-18', 63, 'Tirolez (bora)', 44.832, 1, NULL, '2020-08-18 18:23:23', '2020-08-18 18:29:25', 10, 15, 1),
(1000, '2020-08-18', 82, 'Tirolez (bora)', 48.988, 1, NULL, '2020-08-18 18:24:06', '2020-08-18 18:29:41', 10, 15, 1),
(1001, '2020-08-18', 72, 'sao vicente (bora)', 10.874, 1, NULL, '2020-08-18 18:25:10', '2020-08-18 18:29:59', 10, 15, 1),
(1002, '2020-08-18', 200, 'tirolez (bora produção)', 28.000, 1, NULL, '2020-08-18 18:26:23', '2020-08-18 18:30:08', 10, 15, 1),
(1003, '2020-08-18', 17, 'tirolez (bora produção)', 12.136, 1, NULL, '2020-08-18 18:26:55', '2020-08-18 18:30:18', 10, 15, 1),
(1004, '2020-08-20', 0, 'JBS', NULL, 1, NULL, '2020-08-19 11:04:58', '2020-08-20 15:01:19', 10, 15, 1),
(1005, '2020-08-19', 0, 'Sost(produção )', 3.919, 1, NULL, '2020-08-19 12:27:21', '2020-08-19 18:53:32', 10, 15, 1),
(1006, '2020-08-19', 104, 'HOLAMBELO', 2.608, 1, NULL, '2020-08-19 12:27:58', '2020-08-19 18:53:37', 10, 15, 1),
(1007, '2020-08-20', 0, 'Dimari', NULL, 2, 'nota com produto divergente', '2020-08-19 13:44:44', '2020-08-20 18:09:04', 10, 15, 1),
(1008, '2020-08-28', 0, 'barbosa & marquez', 0.000, 1, NULL, '2020-08-19 14:10:45', '2020-08-28 12:39:57', 10, 15, 1),
(1009, '2020-08-20', 44, 'AURORA', 0.000, 3, NULL, '2020-08-19 18:03:45', '2020-08-19 18:03:45', 10, 15, 1),
(1010, '2020-08-20', 10, 'SANTA FÉ', 2.000, 3, NULL, '2020-08-19 18:06:24', '2020-08-19 18:08:55', 10, 15, 1),
(1011, '2020-08-28', 95, 'DR OETKER', 0.000, 1, NULL, '2020-08-19 18:12:09', '2020-08-28 16:23:33', 10, 15, 1),
(1012, '2020-08-21', 0, 'yakult', 0.000, 1, NULL, '2020-08-19 18:14:22', '2020-08-21 18:33:51', 10, 15, 1),
(1013, '2020-08-21', 390, 'RIO SOL', 0.000, 1, NULL, '2020-08-19 18:16:38', '2020-08-21 14:23:27', 10, 15, 1),
(1014, '2020-09-03', 272, 'Nadir Figueiredo', 0.000, 3, NULL, '2020-08-19 18:19:08', '2020-08-19 18:19:08', 10, 15, 1),
(1015, '2020-08-20', 30, 'INVICTA', 0.000, 3, NULL, '2020-08-19 18:20:16', '2020-08-19 18:20:16', 10, 15, 1),
(1016, '2020-08-20', 50, 'MAGRELA', 0.000, 3, NULL, '2020-08-19 18:21:48', '2020-08-19 18:21:48', 10, 15, 1),
(1017, '2020-08-21', 67, 'KICALDO', 0.000, 1, NULL, '2020-08-19 18:24:02', '2020-08-21 14:23:34', 10, 15, 1),
(1018, '2020-08-21', 10, '1000marcas', 0.000, 3, NULL, '2020-08-19 18:28:53', '2020-08-19 18:28:53', 10, 15, 1),
(1019, '2020-08-28', 80, 'ilum', 0.000, 2, NULL, '2020-08-19 18:39:57', '2020-08-28 16:35:18', 10, 15, 1),
(1020, '2020-08-28', 3, 'Adega Alentejana', 0.000, 1, NULL, '2020-08-19 18:42:12', '2020-08-28 16:24:00', 10, 15, 1),
(1021, '2020-08-20', 0, 'laticínio natal', NULL, 1, NULL, '2020-08-19 18:42:50', '2020-08-20 15:01:24', 10, 15, 1),
(1022, '2020-08-20', 0, 'kibon', NULL, 1, NULL, '2020-08-19 18:44:31', '2020-08-20 18:09:28', 10, 15, 1),
(1023, '2020-08-20', 0, 'Brasfrut', NULL, 1, NULL, '2020-08-19 18:46:26', '2020-08-20 15:01:30', 10, 15, 1),
(1024, '2020-08-19', 0, 'BRF', NULL, 1, NULL, '2020-08-19 19:03:18', '2020-08-19 19:03:38', 10, 15, 1),
(1025, '2020-08-20', 0, 'BORA', NULL, 1, NULL, '2020-08-19 19:03:58', '2020-08-20 18:04:30', 10, 15, 1),
(1026, '2020-08-21', 0, 'master milk', NULL, 1, NULL, '2020-08-20 11:23:14', '2020-08-21 17:54:14', 10, 15, 1),
(1027, '2020-08-21', 0, 'mundo doce', NULL, 1, NULL, '2020-08-20 11:23:32', '2020-08-21 18:33:51', 10, 15, 1),
(1028, '2020-08-20', 0, 'mcr(produção)', 3996.900, 1, NULL, '2020-08-20 13:38:28', '2020-08-20 15:01:38', 10, 15, 1),
(1029, '2020-08-20', 63, 'BRASSOL(BORA)', 11.477, 1, NULL, '2020-08-20 14:03:19', '2020-08-20 15:01:50', 10, 15, 1),
(1030, '2020-08-20', 1, 'Tirolez (bora)', 426.000, 1, NULL, '2020-08-20 14:29:03', '2020-08-20 15:01:55', 10, 15, 1),
(1031, '2020-08-20', 38, 'Tirolez (bora)', 6.221, 1, NULL, '2020-08-20 14:29:37', '2020-08-20 15:02:03', 10, 15, 1),
(1032, '2020-08-20', 35, 'tirolez (bora produção)', 9.275, 1, NULL, '2020-08-20 14:30:14', '2020-08-20 15:02:09', 10, 15, 1),
(1033, '2020-08-20', 120, 'quata(bora)', 4.568, 1, NULL, '2020-08-20 14:44:51', '2020-08-20 15:02:16', 10, 15, 1),
(1034, '2020-08-20', 720, 'polenghi (produção)', 22.482, 1, NULL, '2020-08-20 14:48:55', '2020-08-20 15:02:26', 10, 15, 1),
(1035, '2020-08-20', 240, 'valença da bahia maricultura(produção)', 15.936, 1, NULL, '2020-08-20 14:58:45', '2020-08-20 18:04:05', 10, 15, 1),
(1036, '2020-08-20', 120, 'valença da bahia maricultura(produção)', 7.968, 1, NULL, '2020-08-20 14:59:11', '2020-08-20 18:04:09', 10, 15, 1),
(1037, '2020-08-20', 120, 'valença da bahia maricultura(produção)', 7.968, 1, NULL, '2020-08-20 14:59:55', '2020-08-20 18:04:15', 10, 15, 1),
(1038, '2020-08-20', 20, 'valença da bahia maricultura(produção)', 1.328, 1, NULL, '2020-08-20 15:00:20', '2020-08-20 18:04:20', 10, 15, 1),
(1039, '2020-08-20', 297, 'Canaa(produção)', 6.504, 1, NULL, '2020-08-20 16:49:22', '2020-08-20 18:10:00', 10, 15, 1),
(1040, '2020-08-21', 0, 'DPA NESTLE', NULL, 1, NULL, '2020-08-20 17:26:06', '2020-08-21 17:54:32', 10, 15, 1),
(1041, '2020-08-24', 0, 'canaã(refeitorio)', 0.000, 3, NULL, '2020-08-20 17:43:10', '2020-08-20 17:58:13', 10, 15, 1),
(1042, '2020-08-21', 1, 'SELOFORTE', NULL, 3, NULL, '2020-08-20 17:52:30', '2020-08-20 17:52:30', 10, 15, 1),
(1043, '2020-08-28', 3000, 'GRÁFICA FALCÃO', 4110.000, 3, NULL, '2020-08-20 17:58:21', '2020-08-20 17:58:21', 10, 15, 1),
(1044, '2020-08-28', 600, 'INDAIA', 0.000, 1, NULL, '2020-08-20 18:18:37', '2020-08-28 16:24:11', 10, 15, 1),
(1045, '2020-08-28', 1, 'CHOCOLATE FINO', 0.000, 3, NULL, '2020-08-20 18:22:55', '2020-08-20 18:22:55', 10, 15, 1),
(1046, '2020-08-21', 0, 'BONI', NULL, 1, NULL, '2020-08-20 18:26:31', '2020-08-21 17:54:37', 10, 15, 1),
(1047, '2020-08-21', 200, 'ecofibra embalagens', 0.000, 3, NULL, '2020-08-20 18:41:58', '2020-08-20 18:41:58', 10, 15, 1),
(1048, '2020-08-31', 0, 'seara', 0.000, 2, 'não veio', '2020-08-21 11:49:36', '2020-08-31 19:38:36', 10, 15, 1),
(1049, '2020-08-28', 3, 'AMMA CHOCOLATE', 0.000, 1, NULL, '2020-08-21 14:26:30', '2020-08-28 16:24:20', 10, 15, 1),
(1050, '2020-08-31', 17, 'AURORA', 0.000, 3, NULL, '2020-08-21 14:34:48', '2020-08-21 14:34:48', 10, 15, 1),
(1051, '2020-08-31', 226, 'MODELEZ', 0.000, 3, NULL, '2020-08-21 14:37:07', '2020-08-21 14:37:07', 10, 15, 1),
(1052, '2020-08-31', 268, 'BAUDUCCO', 0.000, 3, NULL, '2020-08-21 14:40:10', '2020-08-21 14:40:10', 10, 15, 1),
(1053, '2020-08-28', 1, 'FARINHA BOA', 0.000, 1, NULL, '2020-08-21 14:48:57', '2020-08-28 16:24:31', 10, 15, 1),
(1054, '2020-08-31', 25, 'BRAVO CAFÉ', 0.000, 3, NULL, '2020-08-21 14:56:45', '2020-08-21 14:56:45', 10, 15, 1),
(1055, '2020-09-01', 109, 'NATIVE / Usina São Francisco', 0.000, 1, NULL, '2020-08-21 15:04:35', '2020-09-01 18:56:36', 10, 15, 1),
(1056, '2020-08-28', 3, 'TRAMONTINA', 0.000, 1, NULL, '2020-08-21 15:07:00', '2020-08-28 16:24:40', 10, 15, 1),
(1057, '2020-08-31', 105, 'CARBALLO  FARO', 0.000, 3, NULL, '2020-08-21 15:08:27', '2020-08-21 15:08:27', 10, 15, 1),
(1058, '2020-08-28', 0, 'hoshi & dor', NULL, 1, NULL, '2020-08-21 17:16:17', '2020-08-28 18:30:26', 10, 15, 1),
(1059, '2020-08-21', 0, 'ASFORA E CIA (PRODUÇÃO)', 12.959, 1, NULL, '2020-08-21 17:37:21', '2020-08-21 17:54:42', 10, 15, 1),
(1060, '2020-08-21', 0, 'ASFORA E CIA (PRODUÇÃO)', 1.344, 1, NULL, '2020-08-21 17:37:52', '2020-08-21 18:39:48', 10, 15, 1),
(1061, '2020-08-21', 100, 'QUEIJOS FINO (PRODUÇÃO)', 4.565, 1, NULL, '2020-08-21 17:38:39', '2020-08-21 17:54:52', 10, 15, 1),
(1062, '2020-08-21', 100, 'Dengo (produção)', 1790.000, 1, NULL, '2020-08-21 17:39:39', '2020-08-21 17:54:59', 10, 15, 1),
(1063, '2020-08-21', 110, 'SILVACOSTA', 9.075, 1, NULL, '2020-08-21 17:41:04', '2020-08-21 17:55:05', 10, 15, 1),
(1064, '2020-08-21', 98, 'FERMENTAO(PRODUÇÃO)', 4972.700, 1, NULL, '2020-08-21 17:48:12', '2020-08-21 17:55:13', 10, 15, 1),
(1065, '2020-08-21', 32, 'BRF(PRODUÇÃO)', 5785.920, 1, NULL, '2020-08-21 17:48:46', '2020-08-21 17:55:19', 10, 15, 1),
(1066, '2020-08-21', 2, 'BRF(PRODUÇÃO)', 590.500, 1, NULL, '2020-08-21 17:49:31', '2020-08-21 17:55:25', 10, 15, 1),
(1067, '2020-08-21', 84, 'DENGO', 385.440, 1, NULL, '2020-08-21 17:52:51', '2020-08-21 17:55:34', 10, 15, 1),
(1068, '2020-08-21', 0, 'BRF', NULL, 2, 'COD:111860 SASSAMI PERU SADIA  DEVOLVIDO, PRODUTO CRISTALIZADO .', '2020-08-21 17:56:02', '2020-08-21 18:06:33', 10, 15, 1),
(1069, '2020-08-01', 0, 'Noronha pescados', NULL, 3, NULL, '2020-08-21 18:08:16', '2020-08-28 10:34:48', 10, 15, 1),
(1070, '2020-08-31', 200, 'FALCAO EMBALAGENS', 0.000, 3, NULL, '2020-08-24 13:33:50', '2020-08-24 13:33:50', 10, 15, 1),
(1071, '2020-08-31', 300, 'AMBEV', 0.000, 3, NULL, '2020-08-24 13:36:15', '2020-08-24 13:36:15', 10, 15, 1),
(1072, '2020-09-01', 8, 'recreio', 0.000, 1, NULL, '2020-08-24 13:37:43', '2020-09-01 18:56:36', 10, 15, 1),
(1073, '2020-08-31', 20, 'INVICTA', 0.000, 3, NULL, '2020-08-24 13:44:01', '2020-08-24 13:44:01', 10, 15, 1),
(1074, '2020-08-31', 182, 'nova aliança', 0.000, 3, NULL, '2020-08-24 13:49:48', '2020-08-24 13:49:48', 10, 15, 1),
(1075, '2020-09-01', 20, 'delta', 0.000, 1, NULL, '2020-08-24 13:52:12', '2020-09-01 18:56:36', 10, 15, 1),
(1076, '2020-08-28', 0, 'JBS', NULL, 1, NULL, '2020-08-24 14:05:28', '2020-08-28 18:30:49', 10, 15, 1),
(1077, '2020-08-28', 0, 'Dimari', NULL, 1, NULL, '2020-08-24 16:41:26', '2020-08-28 18:30:58', 10, 15, 1),
(1078, '2020-08-25', 0, 'santa paleta', NULL, 3, NULL, '2020-08-24 16:42:43', '2020-08-24 16:42:43', 10, 15, 1),
(1079, '2020-09-02', 0, 'tredici', 0.000, 1, NULL, '2020-08-24 18:07:02', '2020-09-02 18:16:34', 10, 15, 1),
(1080, '2020-08-28', 0, 'DPA NESTLE', NULL, 1, NULL, '2020-08-24 18:27:00', '2020-08-28 18:31:19', 10, 15, 1),
(1081, '2020-09-03', 0, 'vila kombuchas', NULL, 3, NULL, '2020-08-25 10:37:48', '2020-08-25 10:51:10', 10, 15, 1),
(1082, '2020-08-28', 0, 'Danone', NULL, 1, 'não veio e não solicitou reagendamento.', '2020-08-25 10:41:39', '2020-08-28 18:27:51', 10, 15, 1),
(1083, '2020-08-31', 0, 'MULTI PESCA', NULL, 1, 'ok,entrega realizada', '2020-08-25 10:49:43', '2020-08-31 19:40:04', 10, 15, 1),
(1084, '2020-09-01', 360, 'SPICY FOODS', 0.000, 1, NULL, '2020-08-25 10:54:17', '2020-09-01 18:56:36', 10, 15, 1),
(1085, '2020-09-08', 350, 'JDE', 0.000, 1, NULL, '2020-08-25 10:56:19', '2020-09-03 18:45:20', 10, 15, 1),
(1086, '2020-08-28', 0, 'Fundação José carvalho', NULL, 1, NULL, '2020-08-25 14:10:04', '2020-08-28 12:40:05', 10, 15, 1),
(1087, '2020-08-31', 0, 'Qj finos', NULL, 1, NULL, '2020-08-25 14:12:52', '2020-08-31 19:32:59', 10, 15, 1),
(1088, '2020-08-28', 0, 'kibon', NULL, 2, 'não veio e não solicitou reagendamento.', '2020-08-25 14:35:16', '2020-08-28 18:28:25', 10, 15, 1),
(1089, '2020-08-28', 0, 'BRF', NULL, 2, 'não veio e não solicitou reagendamento.', '2020-08-25 14:35:37', '2020-08-28 18:28:25', 10, 15, 1),
(1090, '2020-08-28', 0, 'zeina calhub', NULL, 1, NULL, '2020-08-25 16:03:16', '2020-08-28 12:40:31', 10, 15, 1),
(1091, '2020-08-31', 0, 'damm', NULL, 1, NULL, '2020-08-26 12:27:01', '2020-08-31 19:34:20', 10, 15, 1),
(1092, '2020-09-01', 0, 'Canaã (refeitório)', NULL, 3, NULL, '2020-08-26 16:56:01', '2020-08-26 16:56:01', 10, 15, 1),
(1093, '2020-09-01', 0, 'JRK ALIMENTOS', NULL, 3, NULL, '2020-08-26 17:08:15', '2020-08-26 17:08:15', 10, 15, 1),
(1094, '2020-08-31', 0, 'laticínio natal', NULL, 1, NULL, '2020-08-26 17:15:20', '2020-08-31 19:35:06', 10, 15, 1),
(1095, '2020-08-31', 0, 'vigor', NULL, 1, NULL, '2020-08-27 11:01:27', '2020-08-31 19:35:39', 10, 15, 1),
(1096, '2020-08-28', 0, 'valença da bahia maricultura', NULL, 1, NULL, '2020-08-27 11:07:45', '2020-08-28 18:31:34', 10, 15, 1),
(1097, '2020-09-03', 1200, 'PLANETA NATURAL', 0.000, 3, NULL, '2020-08-28 10:44:57', '2020-08-28 11:55:41', 10, 15, 1),
(1098, '2020-09-01', 128, 'Zanlorenzi bebidas', 0.000, 1, NULL, '2020-08-28 10:48:03', '2020-09-01 18:56:50', 10, 15, 1),
(1099, '2020-09-02', 357, 'LIGHTSWEET/ CAMIL/YAMMA', 0.000, 3, NULL, '2020-08-28 11:14:59', '2020-09-01 18:23:05', 10, 15, 1),
(1100, '2020-09-01', 48, 'MOET HENNESSY', 0.000, 1, NULL, '2020-08-28 11:19:23', '2020-09-01 18:56:57', 10, 15, 1),
(1101, '2020-09-16', 255, 'GALVANOTEK', 0.000, 3, NULL, '2020-08-28 11:21:23', '2020-08-28 11:21:23', 10, 15, 1),
(1102, '2020-09-01', 300, 'COCA COLA', 0.000, 1, NULL, '2020-08-28 11:29:32', '2020-09-01 18:57:08', 10, 15, 1),
(1103, '2020-09-04', 471, 'NESTLE', 0.000, 3, NULL, '2020-08-28 11:29:55', '2020-08-28 13:45:16', 10, 15, 1),
(1104, '2020-09-01', 9, 'LA PALOMITAS', 0.000, 1, NULL, '2020-08-28 11:33:49', '2020-09-01 18:57:18', 10, 15, 1),
(1105, '2020-08-28', 350, 'IREKS (PRODUÇÃO)', 10.556, 1, NULL, '2020-08-28 11:34:26', '2020-08-28 18:31:45', 10, 15, 1),
(1106, '2020-08-28', 0, 'BETÂNIA (PRODUÇÃO)', NULL, 1, NULL, '2020-08-28 11:35:03', '2020-08-28 12:40:21', 10, 15, 1),
(1107, '2020-09-02', 89, 'LERGUME ALIMENTOS / LEÃO ALIMENTOS', 0.000, 3, NULL, '2020-08-28 11:41:35', '2020-08-28 11:41:35', 10, 15, 1),
(1108, '2020-09-01', 200, 'SOST', 0.000, 1, NULL, '2020-08-28 11:47:13', '2020-09-01 18:57:27', 10, 15, 1),
(1109, '2020-09-01', 1, 'BISC AVOADOR', 0.000, 1, NULL, '2020-08-28 11:59:32', '2020-09-01 18:57:38', 10, 15, 1),
(1110, '2020-09-02', 25, 'HIKAGE', 0.000, 3, NULL, '2020-08-28 12:01:15', '2020-08-28 12:01:15', 10, 15, 1),
(1111, '2020-09-03', 200, 'ISPAR', 0.000, 1, NULL, '2020-08-28 12:11:07', '2020-09-03 11:01:02', 10, 15, 1),
(1112, '2020-09-11', 121, 'MACROPAC', 0.000, 3, NULL, '2020-08-28 12:16:50', '2020-08-28 12:16:50', 10, 15, 1),
(1113, '2020-09-10', 225, 'VCT BRASIL', 0.000, 3, NULL, '2020-08-28 12:18:05', '2020-08-28 12:18:05', 10, 15, 1),
(1114, '2020-09-01', 2, 'CHOR COM CEBOLA', 0.000, 1, NULL, '2020-08-28 12:24:04', '2020-09-01 18:57:50', 10, 15, 1),
(1115, '2020-09-17', 200, 'MELHORAMENTOS', 0.000, 3, NULL, '2020-08-28 13:07:04', '2020-08-28 13:52:57', 10, 15, 1),
(1116, '2020-09-04', 25, 'VALE FERTIL', 0.000, 3, NULL, '2020-08-28 13:10:19', '2020-08-28 13:10:19', 10, 15, 1),
(1117, '2020-08-28', 72, 'magui(produção)', 2.585, 1, NULL, '2020-08-28 13:11:38', '2020-08-28 17:02:44', 10, 15, 1),
(1118, '2020-08-28', 438, 'magui(produção)', 5953.400, 1, NULL, '2020-08-28 13:12:23', '2020-08-28 17:02:40', 10, 15, 1),
(1119, '2020-09-04', 123, 'Hero brasil', 0.000, 3, NULL, '2020-08-28 13:12:40', '2020-08-28 14:52:45', 10, 15, 1),
(1120, '2020-09-02', 299, 'PIRACANJUBA', 0.000, 3, NULL, '2020-08-28 13:23:53', '2020-08-28 13:23:53', 10, 15, 1),
(1121, '2020-09-09', 500, 'NEVADA JAIRO/FLORES', 0.000, 3, NULL, '2020-08-28 13:50:16', '2020-08-28 13:50:16', 10, 15, 1),
(1122, '2020-09-02', 34, 'colavita', 0.000, 3, NULL, '2020-08-28 14:57:19', '2020-08-28 14:57:19', 10, 15, 1),
(1123, '2020-08-31', 1, 'ANGELA MARIA', 0.000, 3, NULL, '2020-08-28 16:28:30', '2020-08-28 16:28:30', 10, 15, 1),
(1124, '2020-09-09', 406, 'AURORA', 0.000, 3, NULL, '2020-08-28 16:32:12', '2020-08-28 16:32:12', 10, 15, 1),
(1125, '2020-09-02', 80, 'ilum', 0.000, 3, NULL, '2020-08-28 16:36:02', '2020-08-28 16:36:02', 10, 15, 1),
(1126, '2020-09-01', 86, 'Barbosa & Marques', 0.000, 1, NULL, '2020-08-28 16:39:16', '2020-09-01 18:58:10', 10, 15, 1),
(1127, '2020-09-02', 66, 'LUTAN', 0.000, 3, NULL, '2020-08-28 16:42:07', '2020-08-28 16:42:07', 10, 15, 1),
(1128, '2020-08-28', 0, 'Moinho(produção)', NULL, 1, NULL, '2020-08-28 17:01:53', '2020-08-28 17:02:36', 10, 15, 1),
(1129, '2020-08-31', 0, 'kibon', NULL, 2, NULL, '2020-08-28 17:07:18', '2020-08-31 19:36:33', 10, 15, 1),
(1130, '2020-08-28', 0, 'fazenda tapera(produção)', NULL, 1, NULL, '2020-08-28 18:29:05', '2020-08-28 18:29:36', 10, 15, 1),
(1131, '2020-09-17', 3500, 'COLOGRAF', 0.000, 3, NULL, '2020-08-29 10:52:53', '2020-08-29 10:52:53', 10, 15, 1),
(1132, '2020-09-02', 25, 'tropicana', 0.000, 3, NULL, '2020-08-29 13:05:19', '2020-08-29 13:05:19', 10, 15, 1),
(1133, '2020-09-08', 20, 'DIAGEO', 0.000, 3, NULL, '2020-08-29 13:29:45', '2020-09-01 12:27:33', 10, 15, 1),
(1134, '2020-09-04', 43, 'DA COLONIA', 0.000, 3, NULL, '2020-08-29 13:54:47', '2020-08-29 13:54:47', 10, 15, 1),
(1135, '2020-09-02', 0, 'Lactalis', 0.000, 2, 'solicitou reagendamento .', '2020-08-31 10:33:50', '2020-09-02 18:16:43', 10, 15, 1),
(1136, '2020-09-01', 0, 'BORA', NULL, 3, NULL, '2020-09-01 09:29:24', '2020-09-01 09:29:24', 10, 15, 1),
(1137, '2020-09-03', 0, 'Da vaca', NULL, 3, NULL, '2020-09-01 10:42:43', '2020-09-01 10:42:43', 10, 15, 1),
(1138, '2020-09-02', 0, 'mundo doce', NULL, 1, NULL, '2020-09-01 10:55:24', '2020-09-02 18:27:35', 10, 15, 1),
(1139, '2020-09-02', 25, 'Buritis', 7001.610, 1, NULL, '2020-09-01 11:46:55', '2020-09-02 18:16:48', 10, 15, 1),
(1140, '2020-09-02', 0, 'Danone', NULL, 1, NULL, '2020-09-01 11:48:46', '2020-09-02 18:16:53', 10, 15, 1),
(1141, '2020-09-10', 241, 'COPOBRAS', 0.000, 3, NULL, '2020-09-01 12:00:17', '2020-09-01 12:00:17', 10, 15, 1),
(1142, '2020-09-10', 47, 'GLOBALBEV', 0.000, 3, NULL, '2020-09-01 12:03:57', '2020-09-01 12:03:57', 10, 15, 1),
(1143, '2020-09-03', 176, 'STUTTGART/FERNANDO CURY', 0.000, 3, NULL, '2020-09-01 12:11:40', '2020-09-01 12:11:40', 10, 15, 1),
(1144, '2020-09-08', 2, 'BR SPICES', 0.000, 3, NULL, '2020-09-01 12:23:59', '2020-09-01 12:23:59', 10, 15, 1),
(1145, '2020-09-14', 83, 'LATINEX', 0.000, 3, NULL, '2020-09-01 12:25:55', '2020-09-03 18:40:19', 10, 15, 1),
(1146, '2020-09-08', 269, 'GOOD PACK/SPICE', 0.000, 3, NULL, '2020-09-01 12:52:47', '2020-09-01 12:52:47', 10, 15, 1),
(1147, '2020-09-02', 0, 'kibon', NULL, 1, NULL, '2020-09-01 15:28:37', '2020-09-02 18:16:57', 10, 15, 1),
(1148, '2020-09-08', 470, 'HEMMER', 0.000, 3, NULL, '2020-09-01 17:08:59', '2020-09-01 17:08:59', 10, 15, 1),
(1149, '2020-09-04', 162, 'PLANETA CACAU', 0.000, 3, NULL, '2020-09-01 17:20:11', '2020-09-01 17:20:11', 10, 15, 1),
(1150, '2020-09-03', 3, 'SAGARANA', 0.000, 3, NULL, '2020-09-01 17:21:35', '2020-09-01 17:21:35', 10, 15, 1),
(1151, '2020-09-02', 0, 'vigor', NULL, 1, NULL, '2020-09-01 17:59:23', '2020-09-02 18:17:42', 10, 15, 1),
(1152, '2020-09-02', 0, 'Dairy NESTLÉ', NULL, 1, NULL, '2020-09-01 18:01:29', '2020-09-02 18:17:03', 10, 15, 1),
(1153, '2020-09-08', 75, 'Adega Alentejana/Theodoros', 0.000, 3, NULL, '2020-09-01 18:11:38', '2020-09-01 18:11:38', 10, 15, 1),
(1154, '2020-09-02', 30, 'COOPATAN', 0.000, 3, NULL, '2020-09-01 18:16:05', '2020-09-01 18:16:05', 10, 15, 1),
(1155, '2020-09-04', 100, 'EDITORA GRÁFICA/HUE', 0.000, 3, NULL, '2020-09-01 18:19:55', '2020-09-01 18:19:55', 10, 15, 1),
(1156, '2020-09-03', 40, 'CASA APIS', 0.000, 3, NULL, '2020-09-01 18:21:07', '2020-09-01 18:21:07', 10, 15, 1),
(1157, '2020-09-03', 100, 'BEIJUBOM', 0.000, 3, NULL, '2020-09-01 18:25:20', '2020-09-01 18:25:20', 10, 15, 1),
(1158, '2020-09-11', 100, 'AURORA', 0.000, 3, NULL, '2020-09-01 18:28:06', '2020-09-01 18:28:06', 10, 15, 1),
(1159, '2020-09-03', 0, 'BRASFRUT (REFEITORIO)', NULL, 3, NULL, '2020-09-01 18:28:46', '2020-09-01 18:28:46', 10, 15, 1),
(1160, '2020-09-03', 0, 'Brasfrut', NULL, 3, NULL, '2020-09-01 18:29:05', '2020-09-01 18:29:05', 10, 15, 1),
(1161, '2020-09-04', 4, 'SCHAR', 0.000, 3, NULL, '2020-09-01 18:30:54', '2020-09-01 18:30:54', 10, 15, 1),
(1162, '2020-09-08', 200, 'MELLITA', 0.000, 3, NULL, '2020-09-01 18:34:57', '2020-09-01 18:34:57', 10, 15, 1),
(1163, '2020-09-14', 118, 'MASTERFOODS', 0.000, 3, NULL, '2020-09-01 18:36:39', '2020-09-01 18:36:39', 10, 15, 1),
(1164, '2020-09-11', 300, 'ECOLAB', 0.000, 3, NULL, '2020-09-01 18:39:55', '2020-09-01 18:39:55', 10, 15, 1),
(1165, '2020-09-04', 60, 'COUTRIM', 0.000, 3, NULL, '2020-09-01 18:42:08', '2020-09-01 18:42:08', 10, 15, 1),
(1166, '2020-09-03', 3, 'casa tereza', 0.000, 3, NULL, '2020-09-01 19:01:42', '2020-09-01 19:01:42', 10, 15, 1),
(1167, '2020-09-02', 300, 'AMBEV', 0.000, 3, NULL, '2020-09-02 10:28:33', '2020-09-02 10:28:33', 10, 15, 1),
(1168, '2020-09-03', 0, 'jbs', NULL, 3, NULL, '2020-09-02 11:05:43', '2020-09-02 11:05:43', 10, 15, 1),
(1169, '2020-09-08', 0, 'barbosa & marquez', 0.000, 3, NULL, '2020-09-02 11:13:17', '2020-09-02 11:13:17', 10, 15, 1),
(1170, '2020-09-03', 0, 'laticínio trevo', NULL, 3, NULL, '2020-09-02 11:38:55', '2020-09-02 11:38:55', 10, 15, 1),
(1171, '2020-09-03', 0, 'yakult', NULL, 3, NULL, '2020-09-02 14:14:14', '2020-09-02 14:14:14', 10, 15, 1),
(1172, '2020-09-03', 0, 'JRK ( vozita)', 0.000, 3, NULL, '2020-09-02 14:24:23', '2020-09-02 14:24:23', 10, 15, 1),
(1173, '2020-09-08', 300, 'AMBEV', 0.000, 3, NULL, '2020-09-02 17:01:21', '2020-09-02 17:01:21', 10, 15, 1),
(1174, '2020-09-08', 300, 'COCA COLA', 0.000, 3, NULL, '2020-09-02 17:01:42', '2020-09-02 17:01:42', 10, 15, 1),
(1175, '2020-09-04', 0, 'lactalis', NULL, 3, NULL, '2020-09-02 17:49:52', '2020-09-02 17:49:52', 10, 15, 1),
(1176, '2020-09-02', 0, 'BRF', NULL, 2, NULL, '2020-09-02 18:17:27', '2020-09-02 18:17:58', 10, 15, 1),
(1177, '2020-09-02', 2, 'lical', NULL, 1, NULL, '2020-09-02 18:20:34', '2020-09-02 18:27:08', 10, 15, 1),
(1178, '2020-09-02', 0, 'fazenda tapera(produção)', NULL, 1, NULL, '2020-09-02 18:20:52', '2020-09-02 18:27:12', 10, 15, 1),
(1179, '2020-09-02', 0, 'hoshi & dor', NULL, 1, NULL, '2020-09-02 18:23:07', '2020-09-02 18:27:17', 10, 15, 1),
(1180, '2020-09-02', 0, 'MELHOR ALIMENTOS(PRODUÇÃO)', NULL, 1, NULL, '2020-09-02 18:23:38', '2020-09-02 18:27:22', 10, 15, 1),
(1181, '2020-09-03', 30, 'latitude 13', 0.000, 3, NULL, '2020-09-02 18:49:40', '2020-09-02 18:49:40', 10, 15, 1),
(1182, '2020-09-09', 150, 'PEPSICO', 0.000, 3, NULL, '2020-09-02 19:29:26', '2020-09-02 19:29:26', 10, 15, 1),
(1183, '2020-09-04', 0, 'master milk', NULL, 3, NULL, '2020-09-03 13:41:52', '2020-09-03 13:41:52', 10, 15, 1),
(1184, '2020-09-04', 0, 'Sost(produção )', NULL, 3, NULL, '2020-09-03 14:31:44', '2020-09-03 14:31:44', 10, 15, 1),
(1185, '2020-09-08', 0, 'Canaã (refeitório)', NULL, 3, NULL, '2020-09-03 14:33:38', '2020-09-03 14:33:38', 10, 15, 1),
(1186, '2020-09-04', 0, 'raquel maria(pamonha)', NULL, 3, NULL, '2020-09-03 14:35:55', '2020-09-03 14:35:55', 10, 15, 1),
(1187, '2020-09-04', 0, 'zeina calhub', NULL, 3, NULL, '2020-09-03 16:19:10', '2020-09-03 16:19:10', 10, 15, 1),
(1188, '2020-09-04', 0, 'mundo doce', NULL, 3, NULL, '2020-09-03 16:55:51', '2020-09-03 16:55:51', 10, 15, 1),
(1189, '2020-09-04', 0, 'DENGO', NULL, 3, NULL, '2020-09-03 17:52:49', '2020-09-03 17:52:49', 10, 15, 1),
(1190, '2020-09-08', 10, 'KICALDO', 0.000, 3, NULL, '2020-09-03 18:48:23', '2020-09-03 18:48:23', 10, 15, 1),
(1191, '2020-09-09', 200, 'MENDOA', 0.000, 3, NULL, '2020-09-03 18:49:58', '2020-09-03 18:49:58', 10, 15, 1),
(1192, '2020-09-09', 227, 'CARBALLO  FARO', 0.000, 3, NULL, '2020-09-03 18:51:28', '2020-09-03 18:52:41', 10, 15, 1),
(1193, '2020-09-17', 200, 'AUTOPEL', 0.000, 3, NULL, '2020-09-03 18:54:03', '2020-09-03 18:54:03', 10, 15, 1),
(1194, '2020-09-09', 9, 'SAN DIEGO', 0.000, 3, NULL, '2020-09-03 18:56:43', '2020-09-03 18:56:43', 10, 15, 1),
(1195, '2020-09-09', 8, 'DR OETKER', 0.000, 3, NULL, '2020-09-03 19:01:04', '2020-09-03 19:01:04', 10, 15, 1),
(1196, '2020-09-11', 68, 'MISTRAL', 0.000, 3, NULL, '2020-09-03 19:05:09', '2020-09-03 19:05:09', 10, 15, 1),
(1197, '2020-09-09', 6, 'fns comercio', 0.000, 3, NULL, '2020-09-03 19:07:03', '2020-09-03 19:07:03', 10, 15, 1),
(1198, '2020-09-09', 266, 'EFX/FINI', 0.000, 3, NULL, '2020-09-03 19:11:27', '2020-09-03 19:11:27', 10, 15, 1),
(1199, '2020-09-09', 6, 'BRINOX', 0.000, 3, NULL, '2020-09-03 19:14:04', '2020-09-03 19:14:04', 10, 15, 1),
(1200, '2020-09-15', 550, 'JANE APARECIDA', 0.000, 3, NULL, '2020-09-03 19:16:03', '2020-09-03 19:16:03', 10, 15, 1),
(1201, '2020-09-18', 200, 'ANGELA MARIA', 0.000, 3, NULL, '2020-09-03 19:19:48', '2020-09-03 19:19:48', 10, 15, 1),
(1202, '2020-09-10', 26, 'Barbosa & Marques', 0.000, 3, NULL, '2020-09-03 19:21:45', '2020-09-03 19:21:45', 10, 15, 1),
(1203, '2020-09-04', 50, 'latitude 13', 0.000, 3, NULL, '2020-09-03 19:23:01', '2020-09-03 19:23:01', 10, 15, 1);

-- --------------------------------------------------------

--
-- Estrutura da tabela `area`
--

CREATE TABLE `area` (
  `id` bigint(20) UNSIGNED NOT NULL,
  `nome` varchar(191) COLLATE utf8_unicode_ci NOT NULL
) ENGINE=InnoDB DEFAULT CHARSET=utf8 COLLATE=utf8_unicode_ci;

--
-- Extraindo dados da tabela `area`
--

INSERT INTO `area` (`id`, `nome`) VALUES
(1, 'Seco/Embalagem'),
(2, 'Frios/Congelados');

-- --------------------------------------------------------

--
-- Estrutura da tabela `failed_jobs`
--

CREATE TABLE `failed_jobs` (
  `id` bigint(20) UNSIGNED NOT NULL,
  `connection` text COLLATE utf8_unicode_ci NOT NULL,
  `queue` text COLLATE utf8_unicode_ci NOT NULL,
  `payload` longtext COLLATE utf8_unicode_ci NOT NULL,
  `exception` longtext COLLATE utf8_unicode_ci NOT NULL,
  `failed_at` timestamp NOT NULL DEFAULT current_timestamp()
) ENGINE=InnoDB DEFAULT CHARSET=utf8 COLLATE=utf8_unicode_ci;

-- --------------------------------------------------------

--
-- Estrutura da tabela `fornecedor`
--

CREATE TABLE `fornecedor` (
  `id` bigint(20) UNSIGNED NOT NULL,
  `nome` varchar(191) COLLATE utf8_unicode_ci NOT NULL,
  `cnpj` varchar(191) COLLATE utf8_unicode_ci NOT NULL
) ENGINE=InnoDB DEFAULT CHARSET=utf8 COLLATE=utf8_unicode_ci;

-- --------------------------------------------------------

--
-- Estrutura da tabela `loja`
--

CREATE TABLE `loja` (
  `id` bigint(20) UNSIGNED NOT NULL,
  `nome` varchar(191) COLLATE utf8_unicode_ci NOT NULL,
  `endereco` varchar(191) COLLATE utf8_unicode_ci NOT NULL
) ENGINE=InnoDB DEFAULT CHARSET=utf8 COLLATE=utf8_unicode_ci;

--
-- Extraindo dados da tabela `loja`
--

INSERT INTO `loja` (`id`, `nome`, `endereco`) VALUES
(5, 'Perini Graça', 'Graça'),
(15, 'Perini Master', 'Av.Vasco da gama');

-- --------------------------------------------------------

--
-- Estrutura da tabela `migrations`
--

CREATE TABLE `migrations` (
  `id` int(10) UNSIGNED NOT NULL,
  `migration` varchar(191) COLLATE utf8_unicode_ci NOT NULL,
  `batch` int(11) NOT NULL
) ENGINE=InnoDB DEFAULT CHARSET=utf8 COLLATE=utf8_unicode_ci;

--
-- Extraindo dados da tabela `migrations`
--

INSERT INTO `migrations` (`id`, `migration`, `batch`) VALUES
(1, '2014_10_12_000000_create_users_table', 1),
(2, '2014_10_12_100000_create_password_resets_table', 1),
(3, '2019_08_19_000000_create_failed_jobs_table', 1),
(4, '2020_04_14_224320_create_table_fornecedor', 1),
(5, '2020_04_14_224818_create_table_loja', 1),
(6, '2020_04_14_232715_up_colum_email', 1),
(7, '2020_04_16_003854_area', 1),
(8, '2020_04_28_223354_add_fk_area', 1),
(9, '2020_04_29_213355_add_fk_idloja', 1),
(10, '2020_05_06_220057_create_agendar_table', 1),
(12, '2020_05_12_220904_add_new_colum_status_obs', 1),
(13, '2020_05_13_014314_add_new_colum_create_uptade', 1),
(14, '2020_05_21_020721_up_collun_id', 2),
(15, '2020_05_26_225421_add_collun_tipo', 2),
(21, '2020_08_19_212148_create_status_table', 3),
(22, '2020_08_19_214553_alte_colum_status_agendar', 3),
(23, '2020_08_19_214841_fk_colum_status_agendar', 4),
(24, '2020_05_06_220219_add_fk_user_loja', 5);

-- --------------------------------------------------------

--
-- Estrutura da tabela `password_resets`
--

CREATE TABLE `password_resets` (
  `email` varchar(191) COLLATE utf8_unicode_ci NOT NULL,
  `token` varchar(191) COLLATE utf8_unicode_ci NOT NULL,
  `created_at` timestamp NULL DEFAULT NULL
) ENGINE=InnoDB DEFAULT CHARSET=utf8 COLLATE=utf8_unicode_ci;

-- --------------------------------------------------------

--
-- Estrutura da tabela `status`
--

CREATE TABLE `status` (
  `id` bigint(20) UNSIGNED NOT NULL,
  `nomeStatus` varchar(191) COLLATE utf8_unicode_ci NOT NULL,
  `created_at` timestamp NULL DEFAULT NULL,
  `updated_at` timestamp NULL DEFAULT NULL
) ENGINE=InnoDB DEFAULT CHARSET=utf8 COLLATE=utf8_unicode_ci;

--
-- Extraindo dados da tabela `status`
--

INSERT INTO `status` (`id`, `nomeStatus`, `created_at`, `updated_at`) VALUES
(1, 'Entregue', NULL, NULL),
(2, 'Não Entregue', NULL, NULL),
(3, 'Aguardando', NULL, NULL);

-- --------------------------------------------------------

--
-- Estrutura da tabela `users`
--

CREATE TABLE `users` (
  `id` bigint(20) UNSIGNED NOT NULL,
  `name` varchar(191) COLLATE utf8_unicode_ci NOT NULL,
  `email` varchar(191) COLLATE utf8_unicode_ci NOT NULL,
  `email_verified_at` timestamp NULL DEFAULT NULL,
  `password` varchar(191) COLLATE utf8_unicode_ci NOT NULL,
  `remember_token` varchar(100) COLLATE utf8_unicode_ci DEFAULT NULL,
  `created_at` timestamp NULL DEFAULT NULL,
  `updated_at` timestamp NULL DEFAULT NULL,
  `id_area` bigint(20) UNSIGNED NOT NULL,
  `id_loja` bigint(20) UNSIGNED NOT NULL,
  `tipo` varchar(191) COLLATE utf8_unicode_ci NOT NULL
) ENGINE=InnoDB DEFAULT CHARSET=utf8 COLLATE=utf8_unicode_ci;

--
-- Extraindo dados da tabela `users`
--

INSERT INTO `users` (`id`, `name`, `email`, `email_verified_at`, `password`, `remember_token`, `created_at`, `updated_at`, `id_area`, `id_loja`, `tipo`) VALUES
(2, 'teste', 'teste@teste.com', NULL, '$2y$10$0rmXirRuOine.vbG6IkUluh5sXsPrnzzHVVe6Jv5C/sYwKpjbtW2G', NULL, '2020-05-23 07:18:57', '2020-05-25 03:47:04', 2, 15, 'adm'),
(3, 'Leandro Menezes', 'Leandro.deMenezes@perini.com.br', NULL, '$2y$10$FX/KaBmtUMrwiAwTkTb.COVyP0PbUzm8pc6aUat7jR3QqmAb5gH/6', NULL, '2020-06-03 19:17:32', '2020-06-03 19:17:32', 2, 15, 'user'),
(4, 'Luciano Raimundo', 'Luciano.Santos@perini.com.br', NULL, '$2y$10$x1b8V5lScp/wU3K6AwSQmuvl9eEd1judcnG61R49DIrLXf1znBCyq', NULL, '2020-06-03 19:22:51', '2020-06-03 19:49:19', 2, 15, 'user'),
(5, 'Sonivaldo De Jesus', 'sonivaldo.jesus@perini.com.br', NULL, '$2y$10$VHFYreQymmUMupGGZz6aye3NK1ylYIMB7ZettrH95g7jPOxc4AhUm', NULL, '2020-06-03 19:24:53', '2020-06-03 19:55:46', 2, 15, 'adm'),
(6, 'Vanilson Passos', 'Vanilson.Passos@perini.com.br', NULL, '$2y$10$CeTpHgP.x1m5DCj0RPsfkeytddlxGqFj43wZ1oBUZZeF6lOatFVBK', NULL, '2020-06-03 19:25:56', '2020-06-03 19:25:56', 1, 15, 'user'),
(7, 'Fernando Venancio', 'fernando.venanciodeoliveira@perini.com.br', NULL, '$2y$10$L6ulHWIdtaEnqpV9W2C6EuaDwA8Hqkm/Nf4u1kxRX5zfKEzNbSTGu', NULL, '2020-06-03 19:27:26', '2020-08-11 17:28:37', 1, 15, 'user'),
(8, 'Leonardo Bonfim', 'leonardo.bonfim@perini.com.br', NULL, '$2y$10$YyfoWi.I7rxQGnM5Omly4O8Wvsd770piFMYd.OpWXK9SQGebUjT/a', NULL, '2020-06-03 19:28:22', '2020-06-03 19:28:22', 1, 15, 'adm'),
(9, 'Cledinaldo Alves', 'Cledinaldo.Alves@gbarbosa.com.br', NULL, '$2y$10$d2aAXs8jUiaKog3Hek9gr.gePXuAkZTYUwsNJxLOF4bFo1BaJWbVa', NULL, '2020-06-03 19:29:06', '2020-06-05 21:42:39', 1, 15, 'adm'),
(10, 'Matheus Duplat', 'Matheus.Santos@perini.com.br', NULL, '$2y$10$4j325f8ifsA3mjrHXaVuJ.i/IofzaOVUhP7Sdg2qA/7at3Do1toD6', NULL, '2020-06-03 19:31:01', '2020-06-03 19:33:47', 2, 15, 'adm');

--
-- Índices para tabelas despejadas
--

--
-- Índices para tabela `agendar`
--
ALTER TABLE `agendar`
  ADD PRIMARY KEY (`id`),
  ADD KEY `agendar_status_foreign` (`status`);

--
-- Índices para tabela `area`
--
ALTER TABLE `area`
  ADD PRIMARY KEY (`id`);

--
-- Índices para tabela `failed_jobs`
--
ALTER TABLE `failed_jobs`
  ADD PRIMARY KEY (`id`);

--
-- Índices para tabela `fornecedor`
--
ALTER TABLE `fornecedor`
  ADD PRIMARY KEY (`id`);

--
-- Índices para tabela `loja`
--
ALTER TABLE `loja`
  ADD PRIMARY KEY (`id`);

--
-- Índices para tabela `migrations`
--
ALTER TABLE `migrations`
  ADD PRIMARY KEY (`id`);

--
-- Índices para tabela `password_resets`
--
ALTER TABLE `password_resets`
  ADD KEY `password_resets_email_index` (`email`);

--
-- Índices para tabela `status`
--
ALTER TABLE `status`
  ADD PRIMARY KEY (`id`);

--
-- Índices para tabela `users`
--
ALTER TABLE `users`
  ADD PRIMARY KEY (`id`),
  ADD UNIQUE KEY `users_email_unique` (`email`),
  ADD KEY `users_id_area_foreign` (`id_area`),
  ADD KEY `users_id_loja_foreign` (`id_loja`);

--
-- AUTO_INCREMENT de tabelas despejadas
--

--
-- AUTO_INCREMENT de tabela `agendar`
--
ALTER TABLE `agendar`
  MODIFY `id` bigint(20) UNSIGNED NOT NULL AUTO_INCREMENT, AUTO_INCREMENT=1204;

--
-- AUTO_INCREMENT de tabela `area`
--
ALTER TABLE `area`
  MODIFY `id` bigint(20) UNSIGNED NOT NULL AUTO_INCREMENT, AUTO_INCREMENT=3;

--
-- AUTO_INCREMENT de tabela `failed_jobs`
--
ALTER TABLE `failed_jobs`
  MODIFY `id` bigint(20) UNSIGNED NOT NULL AUTO_INCREMENT;

--
-- AUTO_INCREMENT de tabela `fornecedor`
--
ALTER TABLE `fornecedor`
  MODIFY `id` bigint(20) UNSIGNED NOT NULL AUTO_INCREMENT;

--
-- AUTO_INCREMENT de tabela `loja`
--
ALTER TABLE `loja`
  MODIFY `id` bigint(20) UNSIGNED NOT NULL AUTO_INCREMENT, AUTO_INCREMENT=16;

--
-- AUTO_INCREMENT de tabela `migrations`
--
ALTER TABLE `migrations`
  MODIFY `id` int(10) UNSIGNED NOT NULL AUTO_INCREMENT, AUTO_INCREMENT=25;

--
-- AUTO_INCREMENT de tabela `status`
--
ALTER TABLE `status`
  MODIFY `id` bigint(20) UNSIGNED NOT NULL AUTO_INCREMENT, AUTO_INCREMENT=4;

--
-- AUTO_INCREMENT de tabela `users`
--
ALTER TABLE `users`
  MODIFY `id` bigint(20) UNSIGNED NOT NULL AUTO_INCREMENT, AUTO_INCREMENT=11;

--
-- Restrições para despejos de tabelas
--

--
-- Limitadores para a tabela `agendar`
--
ALTER TABLE `agendar`
  ADD CONSTRAINT `agendar_status_foreign` FOREIGN KEY (`status`) REFERENCES `status` (`id`);

--
-- Limitadores para a tabela `users`
--
ALTER TABLE `users`
  ADD CONSTRAINT `users_id_area_foreign` FOREIGN KEY (`id_area`) REFERENCES `area` (`id`),
  ADD CONSTRAINT `users_id_loja_foreign` FOREIGN KEY (`id_loja`) REFERENCES `loja` (`id`);
COMMIT;

/*!40101 SET CHARACTER_SET_CLIENT=@OLD_CHARACTER_SET_CLIENT */;
/*!40101 SET CHARACTER_SET_RESULTS=@OLD_CHARACTER_SET_RESULTS */;
/*!40101 SET COLLATION_CONNECTION=@OLD_COLLATION_CONNECTION */;
